37;83;24;19;37
59;77;43;43;118
6;65;40;22;6
63;77;76;8;63
74;47;97;26;222
48;24;17;7;24
27;39;77;35;27
35;41;6;21;52
46;32;95;3;23
34;43;72;42;17
2;57;76;39;4
61;90;53;26;61
89;95;54;7;89
9;64;76;12;9
38;60;40;25;12
89;49;74;2;44
7;87;92;45;4
15;34;76;21;10
3;54;48;25;3
55;87;22;23;55
10;72;80;47;6
59;24;45;50;59
1;12;39;14;3
37;8;44;4;37
14;7;80;25;14
33;7;47;41;22
32;67;83;33;16
7;42;92;2;10
41;31;35;50;41
77;43;41;38;77
20;16;63;40;13
61;57;19;31;30
84;79;94;25;252
83;56;41;26;41
96;85;46;7;64
30;14;35;15;20
29;21;74;35;29
50;54;55;42;50
74;80;21;27;24
13;98;40;37;8
38;30;50;42;57
87;84;31;12;43
71;76;73;29;35
9;12;17;44;4
77;81;73;47;77
48;33;39;27;144
41;79;45;50;41
18;89;93;5;18
75;37;21;49;112
98;81;51;21;98
51;22;57;6;51
93;9;20;40;93
98;41;83;19;98
34;1;72;32;102
9;58;43;49;3
23;36;58;21;34
53;5;40;30;53
95;62;66;49;285
23;91;62;14;11
37;27;38;8;37
75;39;51;13;50
23;69;80;17;7
21;92;59;38;21
37;45;93;18;55
96;82;11;9;32
61;29;49;19;183
9;6;3;42;9
65;60;45;50;32
94;82;93;48;62
85;72;38;43;56
12;18;89;10;36
41;2;42;6;123
75;48;21;16;37
35;98;71;49;35
60;73;98;25;60
19;58;98;27;9
38;43;92;32;38
92;42;100;16;30
31;58;34;10;10
9;64;7;2;6
36;3;93;30;54
49;74;77;37;73
46;29;39;35;23
5;1;51;34;1
41;9;53;21;41
11;69;60;19;5
84;17;1;24;28
40;8;88;5;120
85;76;65;19;85
92;73;91;9;92
29;94;68;12;29
59;97;89;19;19
61;21;72;32;61
97;55;69;9;64
54;4;54;1;18
39;30;17;18;39
95;39;13;46;95
49;98;22;24;49
80;64;9;4;160
95;85;62;40;190
73;64;12;27;48
75;97;38;11;75
42;8;92;3;42
95;79;48;15;95
98;19;59;11;65
92;22;100;26;184
16;88;23;11;10
78;72;76;50;26
87;30;14;21;58
70;15;46;22;70
25;12;19;31;25
89;24;51;33;267
1;14;77;38;2
69;40;46;41;23
40;60;79;40;120
15;1;81;3;22
56;32;64;37;37
3;36;23;8;6
21;56;38;6;31
23;98;46;42;34
26;54;18;30;13
77;41;25;36;38
50;81;40;18;150
53;87;63;8;53
54;59;95;34;162
39;98;76;20;117
40;31;97;16;40
100;33;56;32;100
42;30;13;18;63
17;46;49;6;34
3;14;56;22;2
41;80;65;10;41
20;89;78;31;10
7;79;62;8;14
52;78;83;15;52
27;46;30;4;81
76;10;75;31;114
15;71;57;14;15
46;48;52;6;46
79;98;97;11;26
55;2;6;20;82
54;21;10;47;18
94;44;7;49;31
90;1;35;13;180
28;1;98;40;9
72;21;55;50;72
90;34;81;8;30
13;98;31;40;26
13;38;68;41;4
36;68;39;28;18
34;69;84;28;34
4;65;33;36;12
83;100;87;17;55
63;90;71;49;21
12;96;89;31;24
52;18;44;8;34
45;93;16;1;135
69;78;90;4;69
3;77;61;46;9
66;51;45;11;33
66;65;58;28;99
93;17;41;6;62
11;98;18;45;3
74;97;74;21;74
94;6;19;24;282
82;52;17;39;82
48;80;24;19;24
85;68;61;35;85
19;70;53;46;9
40;45;2;7;40
7;75;9;31;7
8;17;9;1;5
85;54;99;19;170
83;47;24;23;83
66;7;69;35;22
44;68;99;37;29
79;67;22;47;79
42;93;11;48;21
11;37;62;21;11
15;45;27;18;30
47;89;67;45;47
64;35;45;18;192
46;59;93;44;46
15;80;35;34;15
70;44;73;28;210
34;86;8;18;22
10;31;10;23;10
23;42;11;7;69
91;16;18;40;91
37;48;59;4;18
83;36;36;14;249
47;44;26;46;31
85;14;51;9;255
92;49;97;14;92
37;96;20;19;74
46;69;15;21;46
22;25;22;21;22
74;87;7;6;24
98;40;62;34;98
94;1;29;46;141
85;44;90;32;85
90;73;60;15;90
33;4;69;47;33
55;63;25;9;110
90;17;11;48;45
44;52;16;26;44
88;23;26;4;264
32;71;81;1;64
34;95;27;43;51
15;37;29;36;15
88;25;23;47;58
63;20;25;24;63
66;42;67;47;66
68;96;8;42;22
67;17;33;26;33
7;92;20;47;7
16;2;10;24;48
53;1;8;4;79
68;36;26;38;102
36;60;29;3;36
72;1;37;35;108
66;58;59;28;33
56;44;91;11;28
86;68;29;4;172
54;99;74;49;18
38;60;34;45;38
38;45;12;41;114
26;35;1;5;26
65;99;26;21;32
70;18;64;23;35
98;4;70;4;65
54;79;28;31;36
23;3;98;18;11
69;46;27;19;69
71;53;22;49;35
63;84;88;7;189
4;15;84;30;1
46;53;15;10;23
35;89;83;18;35
28;6;42;8;18
97;70;68;5;32
81;75;19;10;81
73;99;86;41;36
14;63;17;23;28
83;29;65;15;55
66;76;96;24;66
92;5;92;31;138
42;93;56;41;42
48;13;71;1;48
9;82;5;31;6
66;39;59;1;66
4;99;56;37;12
96;75;19;36;288
98;27;5;23;147
68;39;43;1;68
80;84;12;9;53
47;33;36;7;94
46;74;21;14;46
34;36;71;33;11
7;30;22;29;10
27;15;18;16;27
13;78;18;13;13
78;8;76;37;26
47;3;69;20;94
39;91;86;17;13
24;22;23;24;8
86;78;79;41;86
81;60;32;3;81
56;48;10;12;56
15;68;88;48;7
29;52;51;2;9
99;60;20;18;148
72;64;76;41;48
1;89;46;11;1
36;2;12;16;108
13;44;14;15;13
80;15;62;23;80
83;34;97;15;83
16;81;61;8;16
82;44;30;44;27
22;50;67;7;44
10;5;72;24;20
3;8;42;36;9
76;65;55;41;76
43;65;83;7;43
62;43;52;2;186
81;46;22;24;81
85;76;62;39;85
71;62;7;38;23
90;47;51;40;90
13;53;63;49;13
93;56;96;5;279
53;55;42;31;53
62;11;55;33;41
40;39;31;3;120
14;61;62;2;42
96;41;40;39;96
93;86;93;43;31
98;26;8;11;196
9;47;22;46;6
98;42;7;28;65
47;85;76;1;70
10;9;48;45;10
41;92;5;34;20
77;67;74;3;115
19;41;45;45;19
74;66;64;33;74
20;48;89;39;6
22;76;89;36;7
58;79;72;5;174
5;48;66;35;2
72;30;26;40;24
73;31;89;3;36
92;64;67;38;276
61;36;85;31;183
100;28;40;41;200
41;25;62;49;27
54;87;18;18;54
50;24;83;33;50
78;20;54;27;39
64;52;32;10;192
53;7;66;30;26
55;73;87;15;110
55;1;10;6;110
83;68;74;7;41
65;6;88;10;97
46;42;4;39;15
83;16;50;6;55
11;63;52;44;11
95;54;19;22;190
29;88;54;13;14
58;56;36;23;58
57;8;33;46;171
14;80;35;20;28
36;23;39;26;24
93;18;77;7;46
32;10;35;46;10
41;42;64;42;41
72;5;69;39;24
100;55;70;42;300
31;71;64;31;20
91;7;37;6;91
68;31;2;23;22
72;91;82;25;72
68;18;72;8;68
9;94;20;49;9
34;13;64;50;17
26;66;87;5;26
90;22;14;7;90
89;55;78;29;59
77;2;82;44;25
62;34;78;44;124
68;60;78;15;45
94;70;34;50;94
29;85;37;15;29
34;75;80;48;102
60;34;46;26;120
91;43;86;30;45
17;48;11;37;17
75;8;20;13;75
87;15;69;21;87
75;48;4;28;112
81;41;37;39;81
25;4;55;5;12
77;97;71;46;77
96;85;81;46;48
73;34;54;39;24
72;99;62;40;48
37;76;41;24;24
42;73;69;21;14
38;64;46;17;19
9;12;70;1;9
9;73;94;40;4
100;19;46;42;100
22;52;75;9;22
44;9;66;15;29
83;16;4;26;249
37;58;1;20;55
77;29;3;7;115
88;32;100;47;176
6;21;39;30;9
12;18;73;9;12
66;13;3;45;198
13;55;58;38;39
54;20;4;3;162
99;8;19;22;33
13;3;41;5;13
95;54;60;24;95
37;67;31;49;55
26;82;100;11;26
72;53;20;27;72
89;2;18;28;29
95;97;24;36;95
67;52;51;41;33
10;85;75;49;6
57;45;89;8;19
71;10;89;37;142
3;35;59;38;3
11;47;97;43;11
69;4;4;49;46
29;8;62;2;58
71;30;68;30;71
78;80;64;12;156
97;82;26;41;145
38;33;80;45;38
30;71;65;42;10
43;98;21;38;28
43;73;47;45;43
59;4;3;23;88
28;94;73;20;18
11;61;3;32;3
88;25;63;11;88
97;97;90;50;97
11;89;74;5;11
48;55;92;26;96
1;73;95;6;0
62;3;43;23;31
54;69;14;11;54
42;83;41;34;42
45;46;75;32;22
98;9;55;19;49
66;17;43;31;66
37;41;6;26;55
30;48;55;5;90
36;58;64;25;24
5;96;66;9;2
42;50;51;27;42
39;76;38;36;117
92;62;9;26;138
79;100;19;7;79
50;5;19;34;75
40;27;81;45;80
76;13;31;48;228
93;48;10;5;139
89;48;13;44;89
74;38;47;18;148
17;22;65;3;8
55;96;76;18;18
92;15;58;35;61
66;1;53;4;66
93;76;3;41;93
78;83;51;28;156
43;59;92;43;43
15;66;72;33;7
42;75;94;41;14
38;11;25;39;57
59;26;59;41;39
83;59;63;46;83
2;16;31;8;0
38;44;71;48;114
67;3;56;8;22
87;26;33;40;87
45;74;83;24;45
67;56;91;47;134
69;21;39;44;207
8;29;59;44;8
88;68;84;21;58
50;79;44;48;50
95;30;73;12;95
3;91;94;24;1
91;46;72;4;30
39;94;38;34;19
87;85;55;38;29
76;97;75;16;76
3;4;22;5;3
56;73;60;9;28
66;10;92;6;132
90;70;21;33;135
82;66;55;32;123
33;2;37;13;99
34;15;13;14;102
44;66;33;26;44
98;62;52;28;98
32;59;87;29;32
44;29;80;28;88
25;95;25;7;37
46;35;5;4;69
90;26;88;1;135
6;73;71;36;6
94;37;73;5;94
73;80;16;16;73
85;72;29;13;42
26;54;40;41;26
76;4;77;49;76
95;11;54;30;95
10;52;92;20;10
54;83;44;48;54
56;10;55;7;56
13;80;90;38;39
8;72;28;8;12
12;98;99;11;12
71;31;14;41;47
68;73;51;25;102
87;10;2;3;58
97;35;82;38;32
12;52;34;40;6
6;41;40;6;18
86;99;8;47;28
1;4;7;50;1
51;1;18;46;51
70;76;95;12;70
14;11;27;8;4
63;17;88;11;31
89;44;63;49;59
61;53;56;2;122
76;95;80;21;50
1;27;2;1;0
93;26;16;16;46
59;1;60;18;29
65;55;83;49;43
72;46;42;6;216
83;93;34;34;124
79;30;99;9;79
86;3;96;19;57
98;100;42;47;294
84;30;82;22;42
93;23;61;16;62
58;50;34;42;58
20;39;65;50;10
3;71;97;10;1
93;64;11;3;31
99;9;51;24;297
25;38;61;33;25
47;71;43;33;47
36;17;54;11;12
96;44;45;26;96
1;16;42;37;1
29;8;51;32;29
28;44;53;47;28
76;41;34;15;76
2;52;66;15;2
13;96;10;41;26
35;24;99;32;35
29;64;60;35;9
79;98;99;17;79
83;41;13;30;83
6;83;14;27;2
98;61;63;12;98
55;26;92;3;110
81;92;66;25;40
84;62;63;28;84
89;39;100;30;59
33;51;51;48;49
96;62;94;20;96
81;72;90;14;54
35;86;18;23;52
8;38;70;17;12
91;71;83;30;30
50;1;1;40;50
65;23;32;11;21
5;76;10;25;5
9;91;48;1;18
67;36;77;1;33
70;64;33;41;46
87;97;27;35;29
42;63;22;7;126
36;21;52;17;108
6;48;50;16;9
94;68;85;36;141
32;67;98;8;64
7;53;33;44;3
85;55;16;29;42
62;75;30;1;62
70;75;25;35;23
16;55;90;23;16
73;58;79;10;24
52;7;40;21;52
98;71;38;11;196
93;56;83;25;279
27;67;37;10;27
85;9;98;44;170
96;68;21;12;48
67;48;24;28;22
70;99;78;12;35
57;72;90;25;85
8;10;96;7;8
20;87;44;48;20
82;89;7;34;54
80;79;81;7;80
56;2;4;23;37
66;39;51;33;66
60;61;9;21;60
74;21;27;4;74
63;55;8;17;63
60;85;26;43;60
14;10;40;2;4
22;49;71;21;22
50;15;48;18;25
79;41;90;39;79
53;73;8;20;79
88;14;26;29;264
72;13;54;47;24
10;46;1;22;3
22;35;88;26;44
57;27;62;21;28
28;67;79;40;9
49;86;83;48;73
91;58;17;26;91
42;2;10;18;126
5;4;24;37;2
91;2;70;34;91
65;75;11;32;65
53;65;38;41;106
70;46;11;41;70
13;68;29;24;19
25;42;85;43;25
81;24;78;50;243
52;66;69;24;156
30;85;15;23;60
77;28;4;8;38
40;50;94;45;40
75;65;40;25;150
50;55;90;3;16
9;45;38;15;18
16;68;19;26;8
46;83;49;5;69
19;57;51;21;6
6;1;36;38;2
54;52;10;30;27
59;27;66;10;118
73;21;20;2;36
66;29;12;1;99
19;81;85;16;12
78;54;73;31;26
38;95;8;41;38
43;56;49;28;14
78;67;64;39;78
19;43;77;16;6
12;6;93;39;12
84;31;82;29;42
82;68;53;43;82
40;25;23;17;26
73;100;2;48;73
83;38;88;5;41
42;97;34;47;42
94;57;74;29;94
96;30;53;21;48
32;56;96;36;32
8;97;69;23;8
39;89;76;4;39
100;6;18;31;100
60;9;4;33;40
43;9;80;4;14
19;87;76;1;6
11;90;92;36;3
59;25;60;5;59
8;54;7;8;12
54;66;60;45;108
50;57;75;46;33
83;37;50;21;166
11;4;93;25;11
63;94;47;31;42
24;82;47;23;16
62;50;81;47;62
68;89;43;29;34
73;87;57;47;73
43;55;38;35;21
51;67;83;29;51
68;11;65;23;136
81;20;85;31;162
16;84;19;5;48
86;81;65;43;28
87;56;64;37;87
92;25;13;22;92
30;61;61;43;60
39;45;33;46;117
49;69;87;1;147
53;17;29;47;17
47;9;97;15;141
56;63;91;46;28
74;72;78;3;24
84;1;62;49;84
32;58;15;2;32
24;53;84;25;48
88;2;37;38;29
18;35;70;36;6
91;70;69;39;91
41;3;30;3;61
94;95;15;35;94
38;49;46;17;76
66;36;24;50;44
92;95;31;40;138
58;64;52;33;29
63;48;37;9;31
35;54;53;36;11
15;1;72;47;30
70;77;52;25;140
88;1;88;18;88
97;20;47;6;145
71;62;40;40;106
28;75;45;10;9
100;72;80;24;200
84;34;52;8;28
38;83;10;23;114
39;33;48;34;58
5;32;85;28;5
78;100;68;21;234
49;97;21;33;16
19;52;14;46;19
43;100;28;3;43
10;89;38;24;30
6;35;64;17;2
84;8;51;25;84
37;6;50;48;24
60;34;76;16;30
4;8;57;16;6
87;7;25;11;87
28;51;44;10;28
89;65;92;27;89
86;82;97;16;172
79;97;77;12;158
75;58;57;38;150
93;61;98;7;186
93;100;76;24;186
81;89;42;16;54
70;85;26;31;46
43;28;40;44;14
14;57;43;33;14
79;38;61;39;237
45;71;95;48;67
3;1;1;3;1
22;41;43;24;66
29;37;88;11;14
29;40;72;3;58
22;60;82;9;66
37;44;79;48;37
56;26;98;5;28
3;62;35;20;2
17;2;3;26;17
96;21;24;39;288
71;56;57;21;71
20;75;79;43;6
42;85;44;1;84
19;59;85;32;28
100;61;73;15;100
50;21;80;36;33
47;91;8;19;141
80;61;63;32;240
48;98;73;50;48
12;33;35;20;6
85;79;45;48;42
60;17;51;34;120
9;4;67;33;9
74;76;57;43;148
96;7;35;29;192
26;8;10;17;52
47;29;20;42;47
53;86;44;43;159
70;91;58;22;70
4;41;2;9;12
70;63;51;18;23
29;95;56;33;19
7;79;91;32;3
30;6;85;32;90
17;28;22;6;11
75;58;90;21;50
14;98;93;3;42
34;53;67;30;22
11;61;81;3;22
95;98;67;29;95
54;40;53;20;162
86;55;54;2;172
37;88;59;27;18
81;34;14;42;162
25;79;40;4;25
92;26;86;2;92
24;6;30;41;12
74;14;31;3;74
48;70;9;9;24
25;81;28;15;37
43;37;75;33;14
38;72;95;15;76
100;31;81;13;50
96;99;6;46;288
96;36;67;44;64
84;63;82;36;84
40;53;12;28;13
35;80;2;12;11
38;71;44;7;25
34;69;69;49;102
12;26;10;6;6
28;86;72;32;42
78;10;29;30;78
32;60;78;31;64
32;57;29;27;32
51;80;9;24;17
67;35;83;4;67
41;68;35;1;41
89;17;32;1;59
23;47;57;13;23
95;61;54;5;190
73;2;92;11;109
6;61;68;32;18
63;89;25;38;63
55;96;76;23;82
87;58;72;6;87
48;33;9;28;32
67;37;66;43;201
56;22;86;47;56
82;92;17;42;82
90;48;16;27;270
69;86;27;23;34
29;77;94;16;9
29;43;27;2;58
38;80;60;36;38
68;15;2;44;136
88;36;85;20;88
79;25;98;50;52
53;89;54;35;79
78;73;86;46;39
12;83;92;16;6
37;62;44;13;55
90;84;44;16;90
35;51;21;1;35
81;49;82;22;81
93;79;46;13;279
51;76;79;14;34
22;79;66;9;14
8;89;67;3;12
12;79;24;42;4
27;74;20;5;27
48;9;95;11;144
1;66;21;2;0
38;36;22;7;38
37;9;21;47;18
82;27;46;2;27
29;46;18;11;43
42;99;12;31;42
69;35;80;49;23
52;5;39;34;26
100;38;45;47;200
67;77;6;29;67
10;79;96;50;30
27;32;84;29;40
36;67;57;2;54
38;79;46;27;57
31;38;33;31;62
66;84;73;44;44
36;69;83;22;12
28;17;28;4;14
78;77;61;28;26
53;58;21;39;53
9;7;44;38;6
74;88;2;12;24
29;55;91;43;43
19;88;54;1;19
15;30;83;26;5
71;74;22;11;106
75;2;63;1;50
57;10;37;41;28
63;27;26;2;21
39;82;20;17;19
100;9;94;37;100
42;67;66;34;126
43;46;12;20;43
60;77;60;18;20
13;56;16;40;13
79;58;82;20;79
76;37;56;39;152
57;18;67;40;19
23;67;58;50;11
92;94;43;45;46
41;97;52;19;41
43;95;22;37;28
23;83;62;21;34
73;5;86;27;219
39;24;18;50;39
7;44;51;4;7
50;99;35;4;100
61;62;28;13;40
48;100;32;31;24
89;26;31;38;89
89;83;65;12;178
80;47;45;11;40
44;3;43;11;66
32;22;69;32;96
56;36;96;6;112
65;51;2;42;97
49;61;39;37;49
33;95;15;37;99
27;37;64;31;9
44;20;31;17;44
3;28;44;8;3
28;96;80;26;9
15;52;93;42;15
39;50;100;31;78
78;88;66;42;39
89;92;2;14;89
76;18;71;2;76
71;98;22;28;142
48;54;90;42;144
63;17;30;11;189
5;43;81;3;10
22;6;80;28;22
77;61;46;42;77
28;93;86;31;56
7;95;80;10;7
39;34;95;14;26
42;100;46;8;126
79;20;13;11;158
89;23;76;18;89
7;28;33;31;7
43;49;60;15;28
17;6;92;40;17
62;38;67;36;62
82;60;56;27;246
85;34;92;48;255
35;34;3;33;17
4;23;23;42;2
85;100;58;36;127
73;80;75;17;73
69;94;53;33;69
58;33;26;29;19
96;17;75;15;96
80;72;72;11;53
42;57;22;20;84
44;80;3;48;66
18;89;60;41;6
27;88;99;27;18
28;7;59;33;14
38;95;100;13;38
92;84;98;37;92
28;61;58;23;28
24;60;5;15;36
55;87;27;47;55
40;20;49;17;120
23;47;97;36;23
55;7;54;6;36
25;68;42;22;12
16;24;34;10;16
82;76;3;42;246
22;39;8;7;7
10;35;84;6;3
12;72;57;45;12
84;31;93;22;168
91;52;7;30;91
62;50;34;43;124
79;66;66;10;79
36;19;73;13;54
15;15;71;28;10
3;59;36;49;1
60;52;99;2;60
26;10;73;9;8
21;68;3;41;10
68;57;18;35;34
78;76;61;40;156
60;84;38;22;90
61;41;37;19;61
98;55;45;3;98
74;74;5;11;24
17;44;85;25;8
27;83;96;31;40
64;87;75;2;64
24;42;58;8;24
97;67;12;25;97
34;51;7;8;34
90;22;74;46;60
84;68;62;15;84
67;5;92;32;100
33;3;28;33;22
79;76;38;13;39
22;63;31;47;66
98;31;71;28;147
64;62;67;1;32
81;89;60;32;162
24;60;40;5;24
84;8;29;46;56
48;58;88;26;48
34;14;60;35;51
52;18;18;32;52
45;24;41;15;45
94;28;91;46;94
25;25;8;31;25
14;29;94;9;14
27;41;83;29;13
70;69;80;4;70
39;64;34;7;13
51;32;39;24;76
95;92;19;25;63
18;52;69;44;36
50;76;98;38;75
19;46;3;43;9
90;29;19;26;270
35;57;21;21;23
37;18;37;16;37
98;81;89;24;98
35;13;67;31;35
13;40;100;9;13
71;95;10;49;71
34;43;80;18;34
8;9;59;49;4
5;94;63;47;5
64;49;87;7;64
78;94;22;35;78
10;93;68;6;5
50;59;66;28;50
78;84;65;8;234
41;13;7;39;41
15;7;4;37;15
25;63;73;16;25
93;43;53;2;139
72;47;91;30;216
28;56;40;48;18
66;51;25;7;66
100;98;25;28;50
8;2;67;35;5
61;46;43;10;91
17;92;87;41;17
35;6;31;8;11
50;100;72;37;50
83;6;16;38;41
7;44;99;19;2
42;77;5;11;42
16;34;20;12;8
91;51;9;40;136
26;77;89;2;13
74;9;100;6;111
56;55;59;45;37
25;12;13;44;50
78;55;7;1;39
12;3;49;10;24
74;7;79;50;222
1;37;29;29;0
71;95;75;50;23
85;63;45;16;85
19;52;85;8;6
53;100;78;5;53
64;22;28;46;96
59;80;59;15;88
70;13;68;46;35
41;7;41;21;41
93;92;93;31;186
9;77;43;32;27
72;27;23;15;72
95;60;59;33;31
67;7;85;46;67
78;38;13;12;156
71;28;26;30;71
95;82;28;21;95
33;92;47;11;33
54;48;61;36;36
12;7;14;4;18
10;63;15;38;15
60;87;50;24;30
27;13;59;40;27
54;69;96;19;54
18;20;68;7;18
40;73;68;25;13
47;56;59;36;47
25;14;45;18;12
18;48;3;6;12
93;37;98;22;46
10;7;91;27;20
66;36;11;39;22
75;42;94;18;150
29;34;89;11;29
14;58;6;26;14
71;83;89;31;71
9;100;91;29;4
66;96;46;9;44
18;50;26;1;54
74;39;91;17;49
90;15;69;28;60
20;31;79;46;60
53;90;5;11;17
46;51;34;3;15
1;92;91;6;0
90;100;72;20;90
7;77;80;6;4
22;81;47;5;11
61;89;41;3;20
60;2;42;15;60
39;99;94;25;117
33;56;48;22;33
8;41;13;15;2
87;93;51;16;58
94;26;50;47;47
58;20;57;4;38
26;39;34;23;26
4;81;10;49;6
71;5;77;13;71
40;76;34;3;20
65;2;4;19;65
66;43;45;12;44
45;51;58;18;30
92;58;79;31;46
56;90;60;41;56
37;97;15;31;55
80;32;41;35;80
19;16;43;6;38
66;10;81;35;66
92;20;7;25;92
27;27;97;22;18
43;23;66;37;28
5;75;68;42;1
42;94;69;30;28
82;10;51;44;82
62;30;99;28;31
45;75;70;18;90
57;61;16;44;85
83;84;54;29;83
43;86;63;50;129
59;14;59;3;177
71;98;73;6;71
24;8;88;46;8
28;67;12;22;28
87;24;72;4;87
5;24;79;47;5
70;84;32;41;35
5;88;89;38;5
17;19;79;30;11
5;60;57;40;1
77;97;25;8;38
1;30;14;32;1
94;43;16;23;282
70;17;18;15;35
26;82;13;19;52
44;79;9;17;44
12;7;99;6;4
38;55;47;27;114
82;38;89;14;82
86;15;83;17;86
31;30;97;36;93
51;34;64;25;76
32;74;83;42;32
14;95;72;14;14
46;4;2;24;46
84;28;75;8;42
96;7;5;1;64
90;53;57;15;90
100;69;77;1;50
76;96;38;2;50
78;46;14;17;39
29;73;24;38;87
6;40;56;5;6
76;63;24;17;76
92;44;18;3;30
86;20;36;49;86
97;39;70;45;291
25;36;26;39;50
73;18;31;32;109
93;26;9;30;279
41;64;42;8;41
29;83;46;26;87
63;73;53;16;63
34;33;14;27;68
72;27;90;48;216
41;1;39;25;27
100;100;57;10;50
73;26;95;32;73
39;19;12;19;117
77;73;30;1;25
44;92;14;2;22
59;68;20;2;59
59;61;14;46;39
10;71;11;2;10
15;33;14;15;7
59;73;94;25;177
5;15;37;22;5
71;27;57;34;106
81;1;72;30;40
80;92;57;14;120
12;24;59;45;18
31;14;81;8;20
98;25;1;47;196
21;41;46;30;21
10;25;18;22;10
88;96;33;8;58
16;85;17;37;8
31;27;47;41;93
98;88;12;25;147
30;8;46;38;90
57;40;100;14;114
8;6;79;50;4
60;5;30;48;60
41;65;34;27;82
57;67;3;32;171
14;97;66;28;28
22;41;53;8;14
26;19;54;3;26
62;57;89;5;41
15;74;48;14;45
54;27;42;17;81
8;94;81;47;2
88;55;47;1;132
77;73;88;25;154
87;25;38;48;130
85;44;87;29;42
68;39;88;49;68
67;63;25;33;67
91;26;75;15;136
47;30;8;28;94
2;67;79;13;2
100;58;84;50;100
94;94;38;4;31
75;87;34;26;50
82;54;58;18;123
61;91;1;28;30
51;6;34;46;51
2;70;24;16;1
1;77;61;5;0
97;45;42;7;97
52;26;38;25;156
45;87;77;41;15
100;47;61;35;200
70;23;84;44;70
41;55;50;46;41
69;74;29;28;69
1;2;98;23;0
40;36;30;23;40
65;42;19;35;43
30;42;23;40;45
21;37;64;4;14
28;70;41;17;28
95;26;62;28;95
66;30;42;23;198
84;94;41;21;28
47;41;72;17;141
74;24;33;45;148
25;52;52;23;37
37;60;3;44;37
58;68;39;35;38
71;77;69;7;71
58;56;14;28;116
46;19;8;28;92
71;86;22;32;213
87;60;38;27;87
68;20;82;37;45
20;43;14;22;20
99;79;19;1;49
3;59;84;31;4
81;21;80;18;81
3;20;13;16;3
40;26;83;33;26
37;66;74;41;37
77;61;23;12;115
19;68;34;24;19
73;35;27;16;219
94;28;29;49;188
65;47;94;30;65
1;70;81;31;3
92;96;3;3;61
57;22;69;25;85
44;76;54;20;44
100;15;37;33;100
82;68;28;20;82
14;31;26;16;9
40;47;10;48;80
45;15;54;50;90
34;24;42;41;22
26;3;27;7;39
20;53;59;32;20
33;64;94;8;33
51;87;12;39;153
45;22;94;4;15
91;91;21;27;91
5;99;95;25;5
44;90;60;38;44
54;83;63;46;54
29;47;84;50;58
57;68;68;23;57
95;76;53;42;285
78;36;24;48;52
41;18;28;35;61
84;62;38;50;42
17;86;28;20;17
30;65;89;44;30
53;62;70;41;106
39;26;58;22;78
12;52;72;21;36
2;92;16;29;2
78;99;22;44;78
12;52;82;30;12
3;17;37;11;3
31;63;50;8;62
55;29;34;24;55
56;99;33;45;56
17;82;99;42;17
85;3;56;10;56
39;97;55;45;26
92;21;58;19;138
9;42;75;28;9
74;44;52;15;37
100;38;38;23;300
40;18;76;41;20
40;49;56;41;120
90;100;94;32;90
9;61;11;1;9
63;75;74;3;31
59;64;11;24;59
2;60;87;13;3
27;61;16;43;27
49;93;15;9;24
96;72;46;49;192
30;69;92;26;45
63;1;77;9;42
13;32;97;45;13
40;90;79;42;40
10;8;8;28;6
80;94;92;46;80
51;83;63;48;51
4;65;70;20;1
100;56;42;30;33
86;66;51;50;43
34;68;63;15;102
82;86;37;19;27
77;18;70;35;115
97;47;35;7;194
27;24;62;5;18
28;25;32;39;84
83;58;41;45;27
61;98;45;40;61
34;20;70;19;22
59;10;62;21;118
30;61;55;1;90
82;81;94;10;164
7;36;51;7;2
78;74;44;3;52
70;97;94;4;70
21;75;7;36;10
67;65;39;48;44
38;27;42;14;19
19;17;30;8;19
24;22;75;9;8
2;31;20;27;1
71;67;5;21;23
11;23;76;49;16
94;21;6;48;141
67;84;88;49;67
27;42;53;39;27
3;33;42;41;4
66;69;43;20;198
16;27;17;29;32
14;39;100;29;7
82;8;9;38;82
67;47;36;47;67
94;84;82;43;31
58;43;58;4;58
21;16;85;36;21
84;74;75;49;42
15;38;79;12;30
91;71;77;7;91
62;84;67;12;62
84;94;100;27;84
86;23;83;20;86
19;95;9;18;38
95;10;14;20;285
10;76;7;46;30
82;56;40;32;82
78;20;85;10;234
86;83;24;45;43
68;57;7;15;34
54;34;8;11;27
81;94;97;37;81
100;73;26;16;300
1;86;91;17;1
28;21;13;42;28
29;65;40;24;9
38;29;77;27;19
65;78;45;27;21
72;90;74;22;72
39;69;34;8;117
9;26;51;21;4
28;32;57;6;18
38;7;51;35;38
30;23;41;5;30
66;93;62;34;66
84;74;13;42;126
94;2;61;28;141
56;5;64;37;37
56;62;62;46;56
56;13;83;8;56
62;28;81;36;62
45;20;68;23;15
48;67;88;19;48
89;36;28;7;59
31;11;68;15;15
44;42;65;14;44
42;70;64;39;42
65;95;22;41;32
63;97;13;43;94
66;92;37;45;66
98;98;58;21;65
95;86;23;16;95
58;46;81;22;87
90;86;59;1;180
9;12;70;42;18
85;1;81;31;42
84;45;44;36;56
71;36;85;30;106
47;32;46;45;141
99;4;50;29;198
51;63;16;9;102
29;14;52;11;43
9;81;61;17;3
25;78;24;47;12
25;31;9;17;25
18;34;44;32;9
51;36;45;24;51
32;92;27;34;32
49;10;12;29;32
24;93;27;27;16
46;45;49;31;30
41;96;73;23;82
3;31;87;25;3
95;66;67;7;95
32;53;78;9;16
65;59;81;9;65
69;64;3;42;207
24;27;80;30;24
40;82;35;28;60
65;45;22;48;21
42;63;63;49;28
70;29;9;24;46
88;58;89;25;132
51;18;8;4;76
40;29;97;14;40
59;98;95;10;59
25;14;75;20;25
71;31;9;32;213
4;89;79;47;12
12;16;51;39;12
48;4;42;16;96
22;5;20;5;66
91;74;47;13;182
86;88;76;37;43
69;94;31;21;69
33;24;89;46;99
10;73;32;16;5
30;43;25;10;20
41;1;87;2;123
64;83;27;25;192
12;59;87;49;18
90;7;57;50;180
4;3;10;43;2
82;70;38;47;82
18;50;63;39;27
24;94;8;17;72
95;34;17;21;63
39;58;22;21;19
92;36;41;18;138
26;29;1;6;26
83;8;79;8;124
93;19;17;12;31
41;88;24;24;41
26;8;34;6;8
8;22;88;44;16
67;79;30;34;67
15;87;74;37;7
68;95;8;13;136
18;97;48;44;18
19;51;32;50;19
25;96;30;48;50
95;81;79;38;63
54;59;17;33;54
70;44;20;27;210
78;1;10;32;26
52;90;83;50;156
83;41;40;43;166
56;52;17;33;168
93;5;33;39;186
57;31;88;19;28
66;24;2;41;33
8;70;64;5;8
10;81;71;35;3
11;30;88;45;11
83;99;10;44;83
45;62;2;41;45
44;9;30;2;44
17;43;8;35;25
79;79;66;43;237
89;30;64;25;89
51;14;37;10;76
99;93;96;11;148
32;48;29;6;96
6;6;82;12;9
50;28;86;49;25
68;89;85;46;22
8;4;38;25;5
87;55;17;5;174
76;55;5;44;50
34;87;88;28;34
75;22;47;17;37
92;37;99;31;92
91;94;32;31;182
63;60;52;28;31
50;83;83;33;25
20;27;4;7;20
38;83;96;47;25
77;92;81;48;231
86;15;47;29;43
10;12;63;46;15
79;16;51;13;79
68;90;75;17;136
84;93;29;1;56
56;40;27;44;56
100;45;88;10;200
71;42;90;15;47
88;66;66;41;88
53;86;64;27;53
34;98;9;11;51
84;92;21;30;252
61;37;51;37;20
82;2;74;19;123
25;63;67;8;25
57;41;7;42;57
13;48;90;16;13
62;85;67;32;62
10;75;51;33;10
16;20;8;28;16
58;24;82;16;58
89;66;66;48;44
42;5;51;33;42
55;38;81;45;55
30;38;54;17;60
12;24;12;19;24
10;98;99;50;10
12;72;47;36;12
33;29;33;33;99
84;99;59;12;42
17;5;18;35;8
80;57;58;2;40
81;84;20;49;54
43;48;15;20;43
88;63;60;46;264
87;91;85;39;130
68;54;55;49;68
2;90;97;6;1
88;70;91;42;44
35;54;77;47;17
42;84;22;17;28
50;63;4;20;150
18;44;46;5;18
24;26;93;10;72
24;37;94;20;24
88;93;28;40;44
38;90;53;42;38
52;34;18;29;52
100;86;5;50;66
67;28;38;27;22
50;26;39;36;16
50;80;67;31;100
30;60;59;3;20
87;18;5;34;87
99;85;70;28;49
14;69;31;30;21
10;21;86;17;10
5;58;48;34;2
59;63;50;25;29
13;100;17;21;26
21;87;81;10;42
72;70;77;5;108
69;62;27;2;34
86;92;86;26;172
96;80;79;18;48
44;12;45;40;132
54;54;34;12;81
71;78;46;27;71
92;52;8;19;46
30;22;81;25;10
52;11;43;10;34
10;1;66;9;3
83;84;76;31;166
79;24;46;33;79
13;73;29;22;8
67;24;29;42;134
55;57;48;8;55
85;9;6;15;28
83;89;46;5;27
37;40;60;9;37
25;14;5;21;8
35;33;61;3;17
28;93;94;42;28
40;34;58;43;40
89;47;90;32;267
90;40;72;34;60
76;93;5;47;152
29;37;70;4;9
20;15;48;34;30
74;18;41;2;24
100;89;66;38;200
15;84;98;12;10
70;67;46;11;140
40;68;67;43;40
28;85;62;21;42
50;81;16;33;33
72;82;54;34;216
34;62;24;1;34
40;75;11;4;26
84;57;36;11;56
43;47;2;41;43
5;42;10;29;2
96;37;92;20;288
9;7;20;49;9
14;56;82;7;42
41;13;27;40;20
85;95;67;26;127
97;24;65;50;145
85;11;14;17;42
25;90;46;48;37
39;10;93;35;26
1;10;69;32;1
77;61;22;18;154
65;91;98;38;130
54;92;38;16;36
96;72;88;15;64
70;98;96;50;70
55;79;16;16;55
21;40;86;40;21
85;28;4;21;85
25;44;25;48;25
69;72;55;21;34
61;66;98;15;30
83;36;94;46;83
81;78;16;21;40
88;75;65;30;88
42;82;13;4;42
65;90;45;49;65
83;57;59;6;83
21;12;21;30;42
90;100;35;32;60
97;37;74;9;97
80;73;28;47;40
16;58;92;35;5
57;26;80;4;57
12;14;99;43;36
37;95;8;32;12
93;37;64;35;31
90;17;76;23;135
33;9;100;43;33
70;10;7;1;210
11;97;77;47;16
39;86;72;2;13
66;79;80;23;66
50;18;35;8;33
15;29;62;50;15
8;83;35;37;5
12;32;2;47;24
74;60;6;28;148
42;50;37;33;28
71;79;36;14;71
88;69;95;22;44
100;60;11;41;50
55;72;74;47;55
45;67;8;29;45
71;31;99;12;35
37;56;96;29;18
25;11;57;48;25
54;66;89;8;18
74;25;94;31;37
33;16;20;28;33
74;33;75;29;111
44;20;57;47;88
72;9;37;6;108
87;58;85;20;261
68;51;57;28;34
2;45;97;25;3
65;81;68;32;21
52;3;66;8;52
13;57;62;41;39
82;28;88;26;27
75;92;9;18;75
64;45;4;41;21
23;7;9;29;23
46;71;9;31;15
87;80;30;47;87
72;90;54;8;216
28;94;81;48;9
62;98;30;24;93
58;35;23;1;116
53;17;33;41;53
46;41;33;34;46
47;11;16;12;47
18;9;30;35;54
67;3;50;23;134
56;8;3;37;112
69;30;91;30;46
29;84;76;12;29
5;53;50;22;5
20;58;3;2;20
99;29;12;34;99
11;25;89;37;22
68;93;28;46;102
33;59;72;16;99
71;50;14;37;71
23;92;50;26;23
77;13;27;9;51
81;39;79;7;243
62;13;95;42;41
3;67;75;22;3
43;6;27;4;28
75;75;9;4;50
66;35;14;26;22
27;10;13;43;27
27;90;54;1;9
62;84;22;27;41
84;19;72;11;252
97;44;88;47;194
54;71;85;33;81
26;68;68;16;39
97;17;15;32;64
96;55;1;21;288
21;27;28;18;63
46;50;71;49;92
23;52;62;37;69
46;74;96;31;92
26;86;77;29;8
43;56;78;9;43
34;59;83;43;34
34;50;92;19;102
95;99;12;5;285
11;38;38;24;11
37;39;83;29;55
1;23;98;5;0
29;63;58;21;87
67;87;87;13;67
43;26;18;13;43
28;14;17;29;28
35;38;45;24;23
51;66;23;13;51
6;98;18;33;9
92;17;95;7;30
95;75;97;6;31
6;92;85;25;18
45;55;72;21;135
51;57;47;42;76
70;27;67;27;70
37;43;31;29;37
99;84;10;12;66
46;74;11;9;46
82;45;60;27;82
74;51;22;50;74
36;8;1;22;12
88;63;43;8;29
83;30;62;9;83
91;10;74;7;30
96;72;66;45;32
95;20;51;13;285
29;56;83;15;87
97;86;43;2;145
31;6;27;47;15
98;20;79;10;65
36;41;60;13;36
40;30;100;32;40
53;41;67;8;79
76;11;2;21;76
15;51;33;29;15
73;46;82;38;109
79;66;59;41;79
64;11;66;17;64
6;15;34;42;2
39;38;89;12;58
50;80;47;12;25
40;32;18;48;40
87;24;53;9;261
39;17;69;7;19
99;24;38;10;99
74;1;72;32;111
36;31;78;35;54
89;94;80;40;178
26;39;44;11;52
75;6;91;36;112
62;25;53;47;62
62;25;76;15;124
98;59;70;9;32
74;59;20;38;24
25;72;60;33;37
67;62;9;44;44
35;75;13;5;105
15;8;82;26;5
83;52;52;34;249
69;62;12;39;103
46;39;54;2;46
44;7;29;43;44
15;49;34;36;5
71;42;35;26;35
44;66;78;15;88
59;35;80;2;29
90;63;43;21;60
58;4;33;10;116
2;7;37;49;4
29;56;88;32;87
13;94;68;25;13
40;66;64;37;40
79;7;7;30;237
61;17;67;39;91
69;90;78;10;69
54;67;87;28;108
11;32;79;44;16
91;24;94;30;60
90;67;68;22;270
33;55;41;1;33
40;12;38;40;120
30;34;58;13;90
82;59;3;36;82
84;93;4;32;56
30;12;9;32;30
32;94;63;19;32
7;50;38;37;10
79;47;20;30;39
55;44;1;6;36
14;78;65;50;4
59;20;79;17;29
22;20;84;26;66
88;18;52;7;44
4;1;19;30;6
29;70;57;19;19
73;72;73;8;48
78;100;7;25;156
83;87;23;4;27
35;78;28;45;70
25;37;85;6;8
93;94;45;26;62
77;36;92;2;154
53;71;69;40;53
6;9;8;46;9
85;60;55;41;85
62;85;99;4;93
69;24;14;35;34
18;76;99;39;18
85;79;22;42;85
59;56;72;33;177
95;40;100;48;95
68;9;33;43;68
62;39;14;36;124
19;19;75;27;9
52;96;50;43;52
54;14;31;27;108
100;37;18;7;50
66;99;43;44;198
36;46;72;14;72
33;31;1;49;16
68;37;100;13;34
74;93;1;8;24
72;17;44;29;36
15;56;61;45;22
76;44;92;22;50
31;42;62;44;20
16;94;65;44;10
75;22;33;11;37
52;67;66;18;52
8;76;93;2;12
1;76;80;23;1
6;90;64;12;6
59;86;22;4;59
71;56;87;38;71
49;23;60;31;73
27;93;35;48;27
99;24;31;1;33
99;7;66;10;297
16;93;75;20;48
52;72;100;27;26
79;15;77;41;118
73;20;43;36;73
61;87;46;45;122
75;25;58;4;225
38;71;100;40;25
43;4;91;6;14
79;58;60;40;158
5;53;16;42;3
59;97;68;47;19
33;21;89;36;99
10;53;26;36;10
86;62;83;31;172
42;97;14;4;42
57;42;41;28;171
20;5;37;26;20
56;45;66;39;28
10;35;13;17;10
18;64;94;33;18
100;65;38;49;150
28;16;78;27;18
83;82;87;8;83
18;92;47;26;12
87;48;28;18;58
88;53;44;7;88
59;51;11;3;59
50;43;61;33;50
27;5;51;22;54
94;24;53;11;62
73;84;95;50;109
1;92;78;20;3
63;17;27;37;21
24;89;53;6;16
93;11;97;18;31
9;44;47;23;9
71;90;13;35;71
38;21;17;34;57
68;3;78;25;34
90;53;17;1;90
18;82;2;37;27
90;23;95;33;180
90;85;20;3;180
51;89;45;27;102
68;95;17;7;34
73;60;97;21;219
58;41;57;50;58
73;50;86;41;73
11;25;41;22;11
74;43;34;31;148
24;50;62;10;48
63;36;62;37;126
78;49;1;11;78
72;68;78;17;216
2;92;97;41;6
22;69;92;35;44
30;36;22;14;90
6;69;23;16;3
96;62;41;48;96
22;82;67;38;22
93;45;50;3;31
87;74;4;26;261
8;10;79;47;4
89;89;93;23;44
34;5;1;33;68
100;42;58;15;100
90;74;78;29;90
89;82;37;49;133
24;33;8;49;36
92;69;87;12;184
78;97;14;16;78
65;95;42;5;65
18;22;37;48;18
48;61;71;39;144
88;78;14;39;29
59;20;29;4;59
94;96;78;22;94
16;1;76;34;16
7;90;97;1;7
4;76;48;33;2
3;94;88;50;3
48;97;74;29;96
95;14;48;15;95
28;59;46;21;84
86;19;23;13;129
48;76;64;37;48
77;46;57;49;77
29;95;2;24;29
28;80;75;12;28
17;18;39;25;17
14;49;24;25;21
95;7;36;41;95
99;86;49;27;148
59;94;88;42;177
56;57;88;18;18
32;91;47;2;96
40;66;72;15;60
42;70;87;31;14
84;86;11;13;126
98;89;2;42;98
6;7;31;7;12
10;32;41;38;10
78;11;56;43;78
79;84;32;1;79
39;63;38;33;39
61;11;98;4;61
54;98;45;24;54
79;5;56;27;118
58;17;71;49;58
22;5;64;45;7
100;47;47;9;200
85;35;75;9;255
89;42;6;4;44
28;80;74;40;9
67;93;82;6;33
39;28;38;22;58
32;33;34;5;32
80;58;99;5;53
28;43;59;19;28
88;60;52;40;176
83;95;41;10;249
54;42;99;23;54
48;27;31;17;72
43;35;33;17;28
12;39;52;22;24
43;24;41;10;14
58;97;28;3;116
27;10;100;6;18
34;24;91;43;68
84;20;66;40;84
6;61;45;26;2
66;69;55;47;22
1;83;21;30;1
58;71;80;46;38
44;34;54;14;44
64;41;17;20;64
65;86;34;41;195
50;69;25;38;75
52;31;64;35;52
67;16;60;37;44
47;55;41;19;94
4;10;90;17;12
84;75;66;25;28
3;76;67;8;9
35;79;83;45;35
96;2;6;15;64
3;97;63;32;9
91;7;29;23;91
17;4;10;42;34
31;48;79;23;20
38;92;70;9;38
48;78;40;44;72
74;89;42;41;74
62;13;19;1;124
51;11;87;33;51
60;20;33;29;90
8;86;23;18;8
54;39;27;41;36
71;31;7;42;71
100;92;3;8;100
27;44;57;7;13
46;83;86;24;92
34;40;43;11;17
47;21;83;41;15
16;54;11;35;5
83;95;15;35;83
13;56;57;7;8
74;63;1;3;74
92;70;87;35;92
26;33;43;36;13
62;60;95;41;20
53;53;27;42;53
86;44;82;47;172
47;15;52;33;47
44;61;87;12;14
57;70;34;27;171
54;74;38;21;108
11;98;44;33;22
81;1;62;17;162
88;86;2;33;264
65;31;70;14;97
9;6;19;38;4
11;78;10;13;5
90;40;51;38;90
95;13;27;40;31
93;4;97;9;139
18;75;81;24;54
21;46;34;1;21
86;53;73;22;43
44;90;48;24;44
36;2;62;17;36
79;97;21;15;79
23;17;76;41;11
22;18;86;23;22
76;23;63;4;228
14;21;67;15;4
12;17;24;20;24
65;47;69;26;130
27;60;78;18;40
39;28;44;6;117
87;39;98;7;87
18;80;57;32;12
61;84;51;34;61
29;77;43;38;29
39;14;61;39;78
85;79;59;24;255
46;93;49;34;69
2;75;93;40;3
90;88;14;18;90
76;64;6;46;25
99;58;29;19;49
61;33;35;22;30
28;9;21;27;28
71;11;90;17;142
65;83;81;46;97
15;78;6;12;15
97;94;12;50;97
92;36;72;6;61
16;93;85;42;16
100;97;74;23;100
57;64;31;19;171
65;94;61;50;130
90;45;99;10;180
72;27;38;38;72
31;100;8;20;31
34;49;46;17;34
66;45;65;39;22
50;83;70;18;16
42;30;79;8;63
97;84;44;39;97
76;77;83;12;50
60;42;12;38;60
44;46;23;43;132
26;100;65;1;17
77;73;79;25;154
100;97;14;33;300
55;57;13;19;165
77;54;39;10;38
36;22;37;25;36
82;80;48;31;123
57;8;26;11;57
19;69;48;40;6
52;38;25;43;17
10;96;28;48;10
68;19;85;4;204
6;26;52;38;6
41;87;44;23;41
52;11;44;50;156
63;73;58;49;63
58;93;91;50;58
33;49;2;18;22
56;59;47;2;84
5;14;96;49;3
36;70;83;12;18
5;27;10;17;3
32;6;39;30;64
28;73;64;46;14
89;11;60;15;178
44;29;88;50;44
50;73;29;23;150
2;38;16;40;6
47;91;44;41;141
55;91;6;33;110
33;91;58;15;49
26;99;8;28;13
56;17;27;17;37
64;73;19;1;42
53;47;45;31;35
98;98;10;40;98
38;84;82;34;38
42;86;94;32;14
3;74;71;43;4
51;99;98;32;51
65;12;4;17;32
19;87;11;1;6
76;44;25;37;76
81;90;82;5;162
17;66;4;41;17
41;36;87;33;123
61;76;1;15;91
15;50;64;17;15
37;94;62;40;37
48;2;60;25;48
63;32;42;50;42
73;49;26;12;24
98;46;25;25;49
92;52;51;39;61
98;68;97;33;98
12;27;11;20;12
22;35;44;44;44
19;13;8;9;28
36;35;58;18;108
17;84;88;36;5
59;53;92;38;39
98;87;27;22;98
13;87;49;28;19
47;41;22;38;94
6;63;90;20;3
6;89;66;25;2
71;47;34;11;35
87;34;53;4;29
79;79;93;6;79
33;89;19;34;99
36;45;76;38;36
54;55;89;21;162
37;24;4;7;55
50;13;88;14;50
12;44;53;46;12
61;29;62;47;30
79;100;15;3;79
97;49;86;12;64
18;53;84;6;6
45;95;18;17;90
92;78;5;32;92
35;53;88;9;35
58;53;96;40;58
59;39;86;3;39
37;36;61;3;12
48;37;30;3;16
44;60;25;24;14
19;11;41;8;6
92;86;75;35;61
73;70;10;5;73
55;19;14;29;82
38;74;34;39;25
40;97;40;22;40
5;78;59;32;15
15;29;99;8;5
59;79;92;42;59
6;71;27;9;6
50;73;42;50;16
6;92;76;41;12
45;6;15;4;15
78;45;8;9;117
66;49;90;29;99
14;23;59;20;4
49;67;99;50;73
38;39;62;12;19
52;6;49;24;17
77;79;43;34;77
55;93;76;34;165
57;47;85;42;19
75;74;97;23;75
2;36;10;47;6
91;67;43;25;273
1;94;63;5;0
75;15;93;13;37
86;99;68;8;172
51;16;36;17;51
70;47;91;48;210
95;29;58;13;63
5;97;23;45;1
44;4;62;38;88
95;36;50;30;95
35;18;15;22;35
27;72;31;13;13
2;98;24;46;2
30;68;58;30;15
7;70;37;26;7
54;67;59;36;18
93;86;4;23;139
89;5;34;8;89
62;45;43;26;31
79;48;73;3;79
1;11;38;21;1
17;66;55;24;51
97;21;32;37;291
89;4;37;2;89
92;26;17;45;138
80;49;14;29;53
86;23;60;33;258
1;29;14;10;3
79;31;19;11;39
87;7;49;45;87
64;72;73;2;64
100;16;67;21;300
33;95;15;21;33
69;26;97;42;46
34;74;16;22;102
40;51;13;24;26
82;13;49;6;82
97;68;47;2;64
10;98;76;27;5
92;80;41;50;276
59;73;67;18;59
11;58;37;21;7
8;89;71;41;24
12;34;81;25;12
68;16;18;28;22
53;59;65;45;26
42;87;95;25;21
86;61;73;36;86
90;57;15;48;180
87;32;84;4;29
78;40;16;29;78
15;55;90;30;15
42;70;22;37;126
50;63;92;31;50
12;59;43;47;4
62;62;4;22;41
44;26;20;17;66
59;71;14;29;59
92;56;65;19;46
76;41;80;7;25
36;1;96;47;108
62;68;60;41;62
15;48;95;38;15
23;74;45;17;23
53;51;51;47;53
29;46;96;45;87
96;11;20;32;96
18;8;72;28;27
95;91;79;1;63
3;40;63;44;6
25;22;6;42;25
5;96;38;30;5
83;60;69;29;124
98;4;15;29;32
51;76;9;24;34
43;33;5;12;129
7;73;2;33;2
80;60;61;27;26
38;28;93;31;38
21;23;68;9;21
16;64;99;43;48
51;73;16;35;76
32;37;82;18;16
19;48;40;4;38
55;95;43;23;27
74;10;98;31;148
4;98;48;25;4
48;69;82;42;48
8;98;42;30;8
58;86;84;22;174
90;49;50;24;270
38;74;48;44;57
50;31;32;35;100
12;93;69;27;36
10;15;44;11;20
71;65;53;23;35
60;61;97;6;60
5;24;20;7;5
84;98;8;6;126
28;93;78;24;9
65;65;91;45;97
3;31;16;3;3
18;66;78;7;27
23;29;93;40;46
46;81;65;17;46
98;10;78;30;147
58;87;54;16;58
79;90;100;47;158
20;7;77;12;30
73;94;54;36;73
26;92;30;49;17
76;100;4;18;228
45;46;33;3;135
58;68;54;21;87
47;83;59;5;15
78;52;71;9;78
27;41;59;17;27
11;51;92;7;11
78;83;58;29;39
32;5;23;4;96
21;78;64;12;31
45;23;23;28;22
89;8;48;49;89
22;39;96;27;66
80;63;46;23;80
8;12;80;5;24
91;83;30;25;30
3;51;72;12;3
22;84;24;33;22
19;4;53;5;19
78;86;11;24;39
48;5;82;25;16
1;84;72;30;1
80;76;85;42;40
95;58;69;21;95
41;42;62;28;27
95;86;69;32;95
9;73;51;33;4
89;65;47;16;59
77;30;71;10;154
59;75;60;31;39
56;2;32;13;37
65;22;44;38;65
59;97;22;12;88
14;51;74;14;14
30;76;100;42;20
5;66;5;40;7
71;65;13;44;23
48;98;67;45;144
25;52;58;15;25
29;96;42;15;19
58;100;80;14;29
75;9;39;42;112
69;41;67;5;69
48;81;56;45;48
15;41;46;3;15
96;36;60;15;144
11;53;74;10;7
48;63;60;34;48
72;66;51;27;108
29;74;81;40;29
43;52;52;42;21
28;33;8;45;56
40;54;86;30;120
100;97;69;39;33
30;9;56;46;15
87;15;22;42;130
33;61;71;1;11
60;47;26;23;60
93;97;67;16;31
40;24;97;32;40
54;75;76;21;54
40;35;90;39;13
15;20;5;28;15
62;26;28;49;62
60;54;59;30;60
89;35;12;48;133
95;11;40;45;95
18;85;41;33;9
84;13;94;19;42
7;65;13;35;3
14;72;80;11;14
18;57;88;50;54
96;92;81;49;32
54;56;90;27;36
16;34;35;22;32
67;67;78;27;201
16;27;56;7;16
22;52;40;15;22
50;30;28;42;25
8;8;44;38;16
9;7;61;10;27
14;73;56;46;42
88;39;100;41;88
79;93;70;41;158
68;17;23;31;34
27;14;72;15;40
12;8;4;30;8
90;84;63;44;30
74;21;66;30;148
17;71;52;24;25
34;91;72;35;11
37;78;63;36;111
9;87;79;39;9
49;48;26;5;16
65;76;76;24;65
8;54;69;23;5
64;35;55;32;64
100;89;79;35;66
32;19;6;5;96
55;38;14;17;82
40;10;36;13;20
7;84;90;5;10
12;78;67;1;4
73;63;42;19;73
74;24;39;36;74
68;85;18;32;68
95;1;32;10;31
52;18;34;3;104
80;38;35;30;120
42;64;31;39;14
20;75;4;7;60
22;72;62;33;44
40;46;71;27;80
10;83;99;25;5
25;56;82;20;75
2;23;67;40;3
15;40;65;28;5
45;80;82;28;45
96;94;91;42;192
33;71;20;31;66
38;23;45;9;38
17;22;75;49;51
14;49;85;46;4
17;73;21;23;5
35;18;54;37;70
40;21;11;41;20
32;70;20;10;16
82;19;43;30;246
38;66;51;35;38
71;79;3;26;71
12;60;68;11;36
51;7;71;18;51
15;96;4;13;15
54;62;97;19;36
87;46;58;37;261
48;54;22;31;48
10;53;72;4;6
74;85;4;39;74
35;10;99;11;17
28;77;86;7;42
54;95;65;7;27
71;30;33;50;106
6;30;67;16;6
20;39;20;15;60
83;45;27;41;249
21;73;93;34;21
85;27;66;25;85
61;33;60;34;183
2;81;54;23;2
7;38;92;14;7
68;35;52;6;68
93;14;14;30;46
29;2;81;19;29
89;24;29;22;267
37;14;30;35;37
28;45;80;21;56
26;99;94;47;39
19;47;38;6;19
60;84;12;24;60
6;67;62;23;6
73;43;29;48;36
95;24;38;29;285
82;49;48;31;54
74;29;89;13;148
81;43;71;49;243
57;62;76;47;28
71;5;67;21;71
6;91;25;27;2
100;61;25;35;150
6;36;13;37;18
78;55;18;10;156
45;19;91;5;30
89;17;86;48;89
87;29;71;4;261
71;2;81;11;47
53;37;33;4;17
54;29;79;41;18
99;61;94;34;148
7;52;35;15;7
83;92;58;34;41
76;4;34;42;114
58;89;37;31;174
74;6;81;12;74
6;66;86;27;4
73;80;71;40;146
13;99;8;49;6
49;44;76;32;73
30;53;69;26;30
67;59;1;24;134
37;7;67;32;111
99;65;97;9;66
27;89;13;35;27
17;13;73;42;17
63;77;80;48;63
75;38;87;48;112
95;82;99;22;31
5;25;24;12;7
50;9;43;48;16
5;76;26;17;7
24;53;83;22;8
52;9;34;8;52
41;1;71;5;20
25;33;16;40;37
17;81;24;45;17
82;17;45;37;54
90;42;97;32;90
32;68;89;4;32
56;81;95;28;112
45;62;56;39;90
27;44;76;33;27
3;52;6;33;3
14;67;2;48;7
61;8;85;36;40
60;56;27;42;120
6;70;46;46;3
34;96;16;32;34
43;62;18;19;21
100;10;22;33;100
39;40;52;49;78
77;63;27;24;154
15;85;41;42;15
27;60;45;30;27
37;74;44;47;24
29;17;92;38;58
100;26;69;22;100
25;21;71;19;75
78;24;68;39;156
13;29;9;40;13
17;13;78;40;17
75;3;29;26;75
94;12;84;36;282
65;96;64;24;43
83;12;96;8;41
11;5;42;38;3
71;17;16;30;35
92;52;4;39;184
74;3;46;19;111
5;8;84;46;3
25;52;12;19;16
50;66;74;17;75
70;82;95;33;23
83;40;12;25;55
51;34;36;36;102
80;79;93;21;80
8;74;53;32;8
23;32;16;42;11
47;11;31;34;141
38;72;35;18;57
65;5;95;16;97
92;26;50;31;92
13;88;16;19;39
74;20;59;32;49
75;31;18;1;37
42;92;79;32;42
97;36;48;10;48
26;50;27;2;52
26;44;1;11;13
79;88;72;23;26
2;84;33;43;2
66;82;10;28;132
53;73;7;25;159
49;13;85;23;49
97;29;96;30;97
59;56;69;5;19
19;11;46;20;6
17;81;19;45;17
57;79;78;50;19
28;61;4;34;28
34;34;77;18;34
34;22;78;3;34
90;92;73;38;45
1;23;26;26;1
89;70;83;2;267
85;83;49;15;28
29;19;61;40;87
64;64;100;8;42
78;2;22;30;52
28;58;96;18;28
31;87;41;3;15
54;88;4;12;108
40;15;15;19;13
28;79;94;4;28
36;17;57;11;12
16;60;22;32;16
46;28;35;44;69
53;4;74;24;79
42;20;15;34;63
87;3;58;8;29
65;20;99;32;130
13;81;88;27;13
44;35;89;2;66
47;99;2;20;47
51;43;26;1;51
81;94;44;23;81
75;84;71;30;75
2;4;16;14;0
77;6;63;38;51
20;39;24;1;13
100;7;29;49;300
20;93;67;10;10
47;11;33;11;141
45;44;14;14;135
74;86;45;7;111
38;40;46;16;57
52;39;12;7;156
22;6;82;8;22
53;90;10;48;159
83;43;30;4;83
80;54;36;2;26
21;21;15;29;31
35;50;16;24;11
78;61;89;33;117
94;97;53;10;47
21;3;65;13;21
99;36;49;48;198
34;44;41;10;34
99;73;82;43;33
90;47;92;29;90
88;54;76;32;264
60;94;27;38;180
70;50;57;47;70
78;52;11;42;117
61;48;41;34;20
49;8;20;50;147
36;59;61;11;72
77;91;68;36;115
2;41;75;30;2
78;94;46;17;78
9;56;73;28;13
95;19;94;22;285
22;6;78;35;22
23;98;78;13;23
42;14;76;29;84
56;1;18;30;56
50;15;4;7;50
55;64;25;22;18
44;46;57;7;66
64;8;9;9;21
41;30;5;47;27
62;68;25;48;93
17;18;40;9;17
18;6;89;12;36
62;99;36;42;31
61;98;15;11;91
32;50;49;18;21
60;74;35;38;60
8;80;84;7;2
3;22;42;42;4
84;44;44;12;56
1;43;81;34;1
65;7;96;33;130
90;1;20;11;30
86;57;70;18;172
96;88;78;45;96
2;98;19;7;2
98;28;75;28;49
95;66;5;16;47
21;14;89;40;10
17;75;37;42;34
17;42;35;29;17
70;59;73;8;35
72;80;6;3;36
77;93;52;37;154
46;53;34;41;46
57;62;40;11;57
18;44;58;32;36
96;36;43;17;144
13;78;92;34;8
21;43;86;13;42
59;8;60;39;19
67;80;27;10;33
1;6;91;26;3
14;33;41;38;42
13;8;30;8;19
83;89;23;41;83
56;59;68;21;56
60;41;74;40;40
95;14;83;5;47
95;20;40;7;95
100;98;81;44;300
29;62;96;6;43
98;46;99;35;49
76;17;53;42;76
86;21;40;14;57
65;41;67;31;130
93;62;87;7;62
24;6;29;25;36
11;93;38;15;22
92;42;17;37;30
80;53;50;28;40
100;40;40;6;100
6;73;50;3;6
91;68;95;22;45
81;32;86;4;243
59;88;22;30;118
86;82;44;50;57
72;29;86;22;72
83;65;17;32;55
74;49;92;18;148
38;96;24;42;76
12;12;54;13;12
11;30;27;46;22
94;61;54;19;62
5;89;23;17;5
26;99;100;17;26
92;26;5;37;46
41;49;27;25;20
19;55;77;8;9
46;16;88;47;23
49;66;23;1;98
76;23;66;25;228
79;26;69;37;79
53;61;72;17;17
57;93;3;45;171
20;30;32;48;20
80;33;18;45;120
46;8;71;18;46
76;54;4;1;25
85;9;95;19;42
99;2;88;49;99
81;96;68;47;162
91;62;79;49;91
62;79;8;29;124
79;11;57;47;26
77;18;67;37;77
81;22;3;19;54
50;85;85;4;150
59;29;99;30;59
88;98;16;21;44
78;53;61;41;156
6;39;59;33;6
20;57;47;4;40
66;44;73;47;66
3;43;76;23;3
50;66;94;35;150
14;57;61;9;4
69;47;31;17;46
35;89;87;39;11
29;58;30;7;43
18;60;50;3;54
40;7;8;22;40
75;40;26;7;225
47;68;14;41;23
94;31;70;16;94
99;53;21;36;297
52;35;16;44;52
75;32;82;44;112
26;14;22;31;8
69;5;100;27;34
65;44;80;4;97
18;62;68;27;27
52;14;1;1;104
74;36;99;19;37
83;17;39;45;55
74;17;67;25;37
36;43;50;42;36
48;46;28;29;48
45;32;27;48;90
23;6;57;12;69
23;44;63;20;15
35;4;80;31;23
16;30;72;8;5
63;55;50;3;42
93;73;9;15;93
8;51;44;34;16
87;64;38;5;29
80;23;8;10;26
61;69;25;13;30
46;32;34;15;15
8;27;62;7;2
52;3;8;1;156
36;81;14;4;72
92;77;20;48;276
11;97;57;25;33
63;75;21;8;63
91;76;39;25;136
71;7;66;50;35
37;71;71;18;37
72;47;33;5;36
42;85;73;25;126
77;37;27;31;77
13;87;36;18;13
97;36;72;33;48
40;82;5;31;13
82;54;6;34;82
72;85;61;2;72
89;7;10;16;44
82;55;67;34;54
37;37;60;36;37
33;32;23;2;99
40;5;14;20;80
35;55;96;19;11
10;1;48;45;10
62;56;47;9;41
26;99;90;44;26
47;15;8;34;23
26;66;41;4;78
17;78;16;19;51
90;35;22;50;90
45;48;81;43;15
16;55;99;29;8
1;16;39;20;0
47;1;72;7;31
66;7;22;33;132
26;55;9;29;39
29;50;73;15;29
31;17;99;50;31
66;19;10;21;132
59;89;45;7;59
59;17;4;34;118
30;3;88;43;30
91;57;75;20;91
46;49;73;1;30
76;89;100;5;76
29;5;75;7;19
95;44;3;8;63
41;53;41;42;20
42;91;77;50;42
77;8;71;12;115
30;70;34;38;30
23;87;82;48;11
97;58;45;41;97
93;16;45;18;279
45;36;53;14;90
70;43;38;40;210
14;98;33;26;14
89;67;58;20;29
21;44;89;10;21
86;94;66;1;258
57;76;98;11;57
43;76;18;48;43
4;67;38;16;6
44;9;36;3;44
72;93;12;47;48
34;18;18;14;22
9;84;18;42;13
93;77;31;24;93
47;69;37;5;141
43;95;16;21;28
11;7;66;15;22
14;12;86;44;9
6;57;44;31;9
25;89;82;40;25
88;22;34;5;176
27;7;5;47;27
78;27;1;46;78
89;74;37;14;29
38;24;29;45;19
64;79;90;41;32
13;90;96;22;26
50;35;9;49;33
23;78;28;37;7
60;5;58;44;20
13;51;19;19;19
87;94;19;15;130
22;38;99;1;33
35;81;75;48;52
24;25;93;27;72
18;55;71;38;36
68;41;32;1;34
88;23;21;29;88
84;85;56;16;84
89;43;10;30;133
56;95;73;48;28
84;62;78;31;56
29;28;53;15;14
52;52;52;30;34
68;2;11;14;68
12;72;82;8;12
49;42;21;26;98
11;65;14;31;11
25;75;27;48;25
67;74;68;2;134
11;1;88;14;33
89;22;100;32;59
31;70;85;46;15
92;48;57;10;276
97;26;90;17;97
68;34;70;9;68
74;50;37;40;74
15;49;16;25;15
14;37;91;28;42
8;82;86;48;16
71;31;25;48;71
22;36;48;8;44
55;28;28;27;55
14;65;46;2;28
72;64;93;32;72
18;94;10;1;18
15;81;25;43;15
74;57;78;38;37
74;99;83;43;49
30;56;59;19;30
98;89;46;13;98
63;41;43;12;42
33;76;59;27;16
86;29;26;38;86
89;89;57;27;178
73;36;96;28;73
92;77;46;9;30
92;64;18;41;92
55;63;23;5;55
7;19;99;25;21
61;51;67;43;40
44;85;81;7;44
100;45;96;7;150
59;32;88;33;88
76;47;24;41;228
44;83;35;3;14
44;5;67;48;29
74;17;96;4;111
8;48;11;42;8
40;32;50;13;80
18;11;40;14;18
31;22;81;14;31
28;25;73;27;28
32;33;34;38;32
32;58;55;32;21
31;23;87;16;31
58;73;38;7;19
32;13;54;18;48
100;47;83;41;50
74;33;63;47;74
22;11;100;16;11
80;14;50;2;80
49;16;16;35;98
81;30;76;29;243
83;69;24;41;249
30;53;77;47;30
68;17;38;12;204
60;38;5;23;30
51;88;46;26;102
85;46;69;48;170
42;8;86;49;63
74;42;28;50;111
97;7;35;15;64
88;60;29;12;88
71;43;60;12;106
84;10;17;20;42
97;42;54;9;64
64;8;44;41;192
66;15;38;11;198
37;4;69;22;18
18;31;27;3;9
14;50;39;10;4
1;52;23;41;3
53;54;99;8;35
22;36;64;43;22
78;42;82;13;26
38;100;88;47;57
58;70;17;14;174
91;14;70;12;91
100;32;3;23;150
39;30;97;11;39
84;23;93;28;42
32;16;48;20;32
67;41;96;34;100
4;53;62;4;4
45;2;24;18;45
22;46;22;43;22
8;100;16;20;5
69;83;31;10;207
6;50;23;25;4
85;34;34;18;85
17;46;97;7;17
27;87;64;16;27
36;19;28;37;24
64;58;82;9;64
92;39;65;24;92
4;54;93;23;1
46;59;61;37;46
55;4;91;38;55
68;34;32;33;204
31;76;46;31;20
72;72;12;16;144
91;59;76;49;91
65;25;83;10;65
63;63;79;15;94
89;78;19;16;44
79;22;52;40;79
64;38;7;45;128
94;43;45;19;47
60;15;65;7;60
83;50;53;49;166
55;75;100;35;55
8;36;74;46;2
38;29;83;8;38
66;12;86;28;99
59;82;87;22;59
88;71;60;48;88
74;51;72;9;74
79;14;70;20;237
25;25;14;6;12
52;68;86;50;52
36;44;82;29;72
28;26;70;35;28
44;53;32;36;29
43;87;66;34;28
33;48;89;12;33
56;62;85;4;37
8;48;88;39;5
62;76;63;38;31
43;56;95;21;28
92;86;27;40;61
13;37;38;36;4
21;41;49;37;21
72;11;47;1;72
62;28;48;6;62
67;76;28;2;67
46;28;4;44;69
95;19;10;20;190
68;48;98;7;68
74;7;7;47;74
43;77;54;24;43
18;92;39;30;18
36;11;80;43;36
27;19;51;39;27
56;16;16;19;56
48;78;39;36;144
24;95;92;6;72
39;46;88;17;13
70;87;4;24;35
19;13;19;30;19
5;53;95;38;1
99;79;75;18;99
74;69;32;34;148
87;50;43;20;58
80;34;60;20;26
46;61;37;9;15
27;25;40;23;9
52;92;74;21;52
20;63;64;43;13
36;94;90;43;24
50;4;89;29;33
60;100;37;45;30
24;51;22;35;24
63;55;95;40;42
91;24;4;44;91
34;96;48;50;68
83;82;1;40;83
94;34;46;43;47
29;90;79;48;43
21;86;31;1;21
14;92;77;38;28
65;82;80;46;65
52;77;88;42;104
32;75;1;2;64
35;21;27;13;105
5;16;49;36;5
57;81;29;16;57
47;67;96;38;141
41;44;62;13;82
28;9;39;49;84
83;31;92;19;124
22;88;66;17;14
12;16;19;46;18
71;8;97;29;23
52;7;55;7;34
20;70;3;33;60
25;35;29;24;16
44;86;88;24;44
92;52;6;18;276
10;5;92;29;10
6;59;62;40;6
100;94;29;20;300
26;99;70;3;17
35;77;81;1;17
94;40;51;16;94
68;42;98;47;68
32;100;50;23;32
94;5;82;1;94
64;8;52;15;42
59;17;5;47;59
92;24;12;17;92
78;73;100;16;52
76;84;65;25;114
41;36;82;25;41
89;91;59;2;89
12;61;95;49;8
63;8;48;19;31
52;81;49;20;34
52;35;13;50;34
28;2;21;32;28
82;39;94;9;41
16;48;93;1;48
83;29;45;36;83
39;71;89;29;39
94;5;48;26;62
27;92;88;31;54
10;41;89;16;20
25;12;67;5;25
91;95;40;7;273
3;62;15;10;3
31;21;20;34;10
48;91;31;14;144
48;50;32;26;48
48;18;25;9;32
7;92;83;13;7
19;75;78;9;19
71;14;84;3;106
39;13;22;28;58
39;6;57;13;58
11;72;35;36;3
93;14;41;45;186
90;15;91;36;90
17;92;10;6;8
88;77;79;5;88
83;53;93;14;41
20;79;87;50;10
39;17;69;13;117
11;86;92;40;11
91;54;19;41;182
46;24;60;11;46
92;42;93;45;92
99;24;81;46;99
84;62;75;48;84
7;49;2;6;3
27;69;41;10;9
34;36;16;34;102
92;37;66;14;61
28;66;29;27;18
1;68;77;16;0
36;67;95;4;72
89;81;2;3;178
39;91;21;16;78
65;46;23;25;65
56;22;14;48;112
67;87;22;13;44
22;3;55;43;33
16;62;48;50;16
60;60;76;5;60
94;57;87;32;47
48;72;56;46;72
90;35;94;20;90
37;83;21;23;37
11;46;40;12;22
36;71;73;8;108
77;37;100;1;77
90;59;69;18;90
56;7;23;32;168
18;54;37;21;27
76;16;43;17;76
100;72;72;7;100
39;52;73;24;26
52;88;8;34;17
100;25;63;37;66
14;97;68;16;14
11;98;32;11;7
3;69;97;20;3
60;21;30;33;30
81;15;84;10;121
11;97;85;49;33
90;59;68;31;45
81;49;22;7;81
19;94;59;44;19
51;73;64;33;51
87;79;15;11;130
45;7;74;20;45
53;39;67;24;159
98;40;3;20;65
66;27;86;2;99
99;65;1;38;33
3;74;36;33;3
32;90;22;22;32
94;32;86;32;188
32;33;90;33;64
87;54;23;13;29
45;86;19;22;135
60;32;67;19;90
5;22;57;34;5
81;98;38;20;243
64;93;14;21;64
25;35;42;28;25
29;95;6;1;29
9;32;37;35;13
50;2;16;44;33
57;18;89;49;57
55;68;98;40;18
54;42;2;20;54
52;2;70;3;52
67;99;63;22;134
53;36;42;4;159
28;35;25;39;9
40;63;90;34;20
57;41;26;10;57
36;60;91;13;36
14;57;54;3;14
71;21;14;30;142
73;50;86;34;109
32;99;46;19;21
62;97;96;26;186
88;26;12;30;132
79;93;54;25;26
25;52;20;43;50
56;89;39;8;112
49;30;82;49;16
71;45;44;66;71
22;16;35;56;7
14;18;62;47;21
46;28;30;60;23
43;46;14;41;86
40;51;57;69;120
24;22;22;28;12
85;44;49;57;170
48;36;42;53;16
32;16;72;72;32
75;31;67;26;225
89;81;14;87;267
34;58;42;12;22
40;44;39;26;26
39;17;72;18;78
28;37;20;40;28
66;58;52;34;198
3;27;46;27;2
35;76;45;56;105
45;25;45;70;22
39;31;53;50;117
39;21;2;3;58
17;24;26;7;11
76;39;35;47;76
33;14;43;45;33
66;48;61;65;44
62;26;12;40;62
50;44;42;46;33
53;41;75;54;53
43;29;46;48;43
20;54;33;27;60
94;84;91;53;141
54;76;76;64;36
66;93;39;18;66
30;18;25;26;20
50;22;69;48;25
48;43;51;44;96
35;25;78;71;52
77;30;64;98;25
36;35;31;31;36
81;64;53;39;162
60;45;53;40;120
34;28;12;34;68
72;53;55;74;72
45;30;29;31;45
71;48;46;66;71
51;80;54;72;17
64;26;71;35;21
22;37;59;30;22
30;49;14;54;15
54;33;41;42;162
35;25;74;48;35
26;44;37;52;13
41;17;23;50;41
54;53;55;39;54
30;19;18;42;20
76;73;52;59;38
51;85;42;58;76
33;11;12;13;33
58;69;24;63;58
34;41;60;57;102
89;42;59;49;59
84;21;51;83;42
65;31;52;92;130
47;34;43;23;47
29;38;10;28;19
48;64;57;57;48
67;94;73;59;67
76;39;44;47;76
71;50;51;54;35
28;16;31;14;56
25;24;20;69;25
90;62;45;79;45
66;76;26;44;99
63;35;56;69;21
39;61;63;62;39
95;86;82;39;63
14;16;56;45;21
53;43;27;48;53
76;10;37;49;50
37;72;68;51;37
40;46;42;40;60
34;40;49;3;34
16;20;9;40;5
40;60;36;42;80
3;6;7;75;3
18;24;44;44;18
76;54;23;41;228
55;55;90;19;27
86;52;63;39;86
83;81;68;92;249
26;40;55;25;39
29;59;34;76;87
7;9;29;25;14
28;29;22;23;84
58;69;45;43;58
40;48;66;54;80
26;37;34;51;39
75;56;93;91;112
12;41;21;64;36
97;84;23;76;97
80;44;11;87;53
64;74;57;31;64
17;12;14;38;51
84;35;24;27;126
73;67;57;56;48
53;59;54;77;53
16;86;26;41;16
46;48;30;62;69
14;12;12;16;21
27;54;88;62;54
15;1;26;30;45
67;47;49;65;67
76;78;56;47;76
23;64;7;2;69
49;42;46;40;32
17;19;14;5;34
23;27;48;43;69
78;49;42;49;26
43;40;24;44;43
54;65;38;77;162
44;76;56;65;44
20;19;54;20;20
92;43;94;92;184
62;77;88;89;20
37;80;29;52;37
61;64;83;70;61
35;32;18;32;35
21;17;31;42;14
34;38;6;4;34
40;61;63;47;40
73;58;89;80;73
51;74;43;62;17
50;67;15;40;50
24;29;38;40;72
59;51;66;21;118
42;35;39;60;42
21;49;37;42;10
40;51;93;15;120
45;25;8;25;90
13;17;12;43;19
38;54;23;15;25
59;89;35;59;59
47;21;16;76;70
24;32;71;27;72
15;77;27;30;15
90;62;19;36;45
47;65;29;61;23
52;42;46;65;52
70;36;41;44;105
34;51;36;12;34
49;76;86;82;16
69;49;86;50;103
15;55;35;94;15
8;49;13;29;4
78;11;64;47;156
24;84;12;89;24
16;23;28;67;10
11;55;20;60;22
53;53;64;46;159
89;30;25;65;29
24;70;86;29;24
27;93;43;79;13
32;42;43;37;96
43;21;58;65;43
44;33;30;63;44
40;84;62;72;20
45;34;32;23;30
30;32;36;41;10
43;12;66;40;14
4;6;16;8;4
20;99;50;59;13
47;65;44;63;47
22;16;33;57;22
82;74;42;51;27
68;44;78;56;136
47;22;90;20;47
35;40;35;29;52
45;18;28;15;45
48;57;45;55;16
56;39;41;46;56
51;55;58;60;51
26;61;36;54;17
32;73;38;43;21
22;9;53;63;33
27;17;20;12;9
28;36;35;23;28
56;76;38;77;37
25;48;45;15;50
49;18;64;30;24
34;41;32;35;22
60;35;22;34;40
90;46;17;90;90
94;71;42;78;94
16;19;66;26;8
23;25;23;22;69
61;86;71;9;61
63;83;84;95;63
48;23;6;85;24
84;65;90;43;84
71;80;72;84;35
22;50;63;45;14
10;26;55;57;10
62;70;35;88;41
16;33;23;51;16
73;49;51;26;146
52;10;12;44;104
82;36;83;42;164
34;28;31;24;22
81;36;65;34;40
26;34;60;63;39
65;64;54;53;32
42;13;60;17;28
53;36;19;67;53
38;81;23;39;114
17;16;24;8;17
45;8;9;34;22
40;58;43;35;13
44;10;15;36;44
12;51;47;1;12
40;52;34;36;26
74;76;33;25;49
31;74;30;54;93
97;81;59;71;64
55;56;57;57;55
20;32;30;41;13
35;11;19;14;35
52;47;31;82;34
63;54;27;68;126
41;32;16;68;27
43;56;42;78;14
8;73;10;27;8
59;28;22;49;118
45;31;37;55;90
67;74;21;66;201
63;58;54;22;31
39;32;48;19;39
37;50;34;39;12
34;25;37;20;102
37;22;86;22;111
79;20;29;79;158
45;88;78;88;45
42;30;21;41;21
59;82;55;48;59
96;60;87;80;192
51;10;57;17;34
49;49;58;44;98
2;68;7;64;2
27;73;10;24;18
9;36;54;61;3
34;17;75;84;34
78;67;65;89;39
39;92;67;89;117
56;61;62;48;56
25;37;33;47;25
41;31;39;17;123
74;55;50;44;24
60;48;43;36;20
27;29;27;14;54
19;20;20;27;6
47;21;50;70;31
73;15;38;48;219
61;66;13;40;61
76;75;60;54;114
22;22;22;22;22
73;51;77;80;73
41;16;40;3;41
40;14;38;46;26
88;70;82;20;88
21;45;33;5;21
80;62;98;60;53
48;45;75;55;72
76;3;34;45;76
7;16;4;9;7
36;23;18;16;108
47;58;30;51;23
33;81;30;85;49
79;13;18;71;237
81;74;78;35;81
67;21;32;42;67
44;37;51;70;66
16;11;28;38;32
44;55;70;41;14
19;59;32;75;12
27;16;44;60;9
31;34;78;53;31
65;69;65;85;32
55;24;69;37;55
63;51;41;90;31
32;20;59;48;48
66;91;71;55;132
38;43;36;33;12
20;58;23;19;20
29;18;12;8;14
9;45;20;19;9
42;50;81;70;126
50;70;56;78;33
96;66;47;54;96
46;32;47;15;15
92;94;20;39;184
63;70;35;46;21
10;36;39;12;20
18;53;28;43;9
16;35;34;23;16
40;23;41;28;40
45;68;35;35;30
65;75;85;73;65
62;28;83;74;31
15;29;6;52;10
18;13;39;63;36
38;63;28;27;76
85;33;6;88;28
46;84;69;83;23
63;53;79;37;42
59;59;61;69;88
30;48;48;40;60
67;47;38;58;67
45;61;58;38;67
57;23;32;20;57
14;21;58;46;42
24;53;45;43;24
29;41;25;33;29
54;44;32;44;108
20;69;28;17;13
86;24;30;66;129
32;25;19;30;32
74;41;80;28;148
40;53;61;58;60
37;52;49;36;37
88;19;42;80;29
32;39;24;39;16
29;51;9;22;58
23;35;38;49;15
29;35;38;26;29
43;59;91;36;129
29;20;36;26;29
41;45;43;52;82
25;17;71;22;8
49;92;68;89;24
48;67;65;45;32
44;29;35;10;29
9;61;6;50;9
28;34;71;31;14
35;62;32;8;35
17;37;61;46;8
57;60;50;13;57
81;63;28;16;27
19;25;23;43;12
64;79;62;48;64
53;36;30;78;79
65;72;37;55;32
68;73;56;17;102
76;57;72;78;50
60;41;50;83;120
72;77;48;80;216
46;44;29;42;138
72;69;89;49;48
48;26;26;30;16
29;46;63;18;29
29;58;35;75;29
39;51;62;12;39
66;73;46;57;99
24;19;46;5;12
93;94;47;88;93
73;46;46;90;146
54;44;63;60;108
47;89;63;62;141
62;72;67;53;20
22;35;40;28;14
49;59;19;38;147
5;56;57;6;2
52;31;41;86;104
92;66;67;54;184
16;70;58;37;5
49;46;57;42;73
16;31;65;48;5
46;46;31;29;92
31;29;25;41;20
39;43;54;62;26
18;26;31;34;18
10;23;35;46;10
56;9;19;53;28
48;22;48;44;72
46;4;43;54;30
22;74;52;52;66
3;29;19;18;3
39;80;73;51;78
45;36;62;49;45
14;87;29;37;9
62;63;64;35;62
58;45;73;35;116
50;82;59;38;16
57;54;62;60;171
78;70;10;83;78
30;10;47;30;90
88;60;54;15;58
3;58;47;22;1
38;73;12;67;38
35;30;56;14;11
27;35;38;50;27
60;35;44;53;60
62;57;16;77;62
72;88;44;69;24
37;37;40;56;37
39;58;70;70;39
83;57;40;52;83
64;66;62;73;64
31;51;59;52;15
92;44;65;39;138
33;28;25;22;66
36;40;88;79;72
57;58;92;72;85
31;52;60;37;31
55;28;33;84;55
19;68;83;9;6
29;59;17;23;87
61;40;45;58;20
48;57;39;43;16
51;45;73;74;25
45;24;54;20;30
51;33;35;24;34
30;17;37;30;10
32;22;43;40;64
29;48;34;32;43
53;29;59;92;53
41;28;46;47;61
67;57;64;61;67
36;84;13;12;36
60;70;87;38;60
47;22;22;29;47
48;79;77;31;32
48;52;17;26;72
60;43;71;68;60
49;52;69;33;24
65;27;68;29;32
62;20;23;53;62
48;52;94;54;32
47;86;84;61;47
7;4;49;28;7
42;28;68;34;21
74;48;34;71;222
55;65;61;76;27
43;40;20;51;28
58;42;90;83;38
33;39;23;15;49
47;47;39;51;141
60;77;80;77;90
14;25;7;22;21
60;68;44;61;180
36;28;44;48;108
45;72;57;35;135
51;27;59;24;17
82;87;48;76;27
62;24;40;50;186
55;43;13;10;55
26;79;86;46;78
64;76;53;74;32
86;36;75;59;57
66;56;92;11;66
14;40;47;60;28
37;76;52;80;74
53;77;74;73;53
26;68;88;48;26
15;7;21;5;5
65;31;39;52;32
33;73;91;57;11
28;58;80;83;28
66;55;75;51;198
19;6;21;32;19
29;26;26;23;19
65;56;29;31;97
80;81;66;34;53
65;54;43;47;65
67;68;79;57;67
8;64;79;37;5
6;39;11;16;18
3;22;25;65;4
9;31;64;10;4
79;55;44;6;26
40;55;51;19;13
64;39;75;27;64
29;41;37;45;29
75;37;38;61;37
93;78;52;38;279
86;79;15;67;258
63;44;59;45;21
41;12;37;19;41
60;74;43;35;20
62;19;39;32;62
52;70;32;43;78
71;26;14;31;23
64;34;59;44;64
19;17;63;29;19
49;45;39;60;16
49;32;33;39;98
39;37;39;41;26
67;68;58;14;201
5;5;16;13;5
29;14;7;29;58
20;66;82;40;10
19;11;16;13;38
37;53;19;55;37
88;46;61;56;176
38;21;16;28;25
87;25;41;85;87
27;11;4;6;27
82;39;78;44;27
6;59;57;41;9
49;59;57;62;73
22;16;59;39;11
35;36;47;65;23
78;32;86;11;117
40;45;68;22;80
63;60;59;64;126
64;78;49;25;128
72;40;26;86;72
42;44;52;41;63
58;45;20;33;116
36;60;97;78;72
77;49;74;82;115
46;31;69;37;69
32;55;39;56;64
51;64;54;53;153
27;42;51;46;27
86;31;74;48;86
42;29;17;25;84
17;45;27;34;17
33;40;40;47;33
47;36;62;69;31
35;12;61;59;70
11;54;36;70;3
44;38;31;42;132
64;33;59;64;192
79;63;37;54;39
82;61;76;48;246
21;64;71;71;21
43;76;33;29;64
85;83;88;17;170
92;80;92;62;61
48;69;76;44;48
82;37;60;45;246
40;38;41;51;40
84;33;35;65;126
17;33;77;44;5
44;79;49;84;14
11;11;34;62;11
64;65;75;55;42
47;32;18;25;47
23;22;27;64;15
69;26;30;40;69
74;16;55;63;111
26;56;14;75;78
67;70;54;67;67
79;44;82;64;26
53;11;14;23;159
39;47;46;37;26
34;39;7;21;51
48;56;55;39;32
36;89;64;83;72
26;45;34;53;26
24;63;42;70;24
49;37;45;16;24
44;47;38;52;29
37;53;75;38;37
16;71;49;54;5
42;47;7;46;21
67;64;44;83;100
80;57;56;25;160
55;19;42;61;110
97;66;52;56;32
57;63;78;28;19
61;56;49;40;122
63;92;56;77;63
34;88;54;84;22
8;65;63;47;5
48;35;81;47;48
13;7;13;41;8
80;60;42;28;80
2;24;2;14;1
45;50;64;35;45
21;46;58;58;21
66;34;57;65;198
19;53;56;12;57
57;72;27;59;114
11;4;26;23;7
34;67;36;39;11
38;31;32;43;76
75;90;75;80;75
28;66;64;48;42
20;84;64;87;10
57;66;25;18;57
24;14;40;16;24
74;36;56;34;148
57;53;25;30;114
46;69;72;42;138
64;83;78;64;192
21;89;80;42;31
8;28;39;21;12
11;23;22;15;33
21;40;86;15;21
33;25;64;66;33
64;62;56;62;192
54;63;35;57;54
14;49;56;28;14
79;35;64;56;118
29;66;79;64;9
64;51;50;69;32
22;38;38;81;11
60;69;22;41;60
62;74;90;50;62
28;70;48;27;84
27;66;35;83;13
31;11;43;17;10
63;48;20;33;126
64;48;65;63;32
55;43;19;43;110
30;31;12;31;90
23;54;48;43;11
40;43;52;34;13
16;18;73;8;16
22;56;43;30;22
64;66;42;62;64
44;68;41;60;29
38;39;89;78;12
35;40;35;47;35
51;59;66;46;25
50;53;77;74;50
67;31;79;70;44
68;54;44;37;102
70;80;58;47;70
32;40;26;33;16
3;6;41;26;1
75;84;66;87;50
67;36;37;36;44
51;35;61;40;51
23;59;44;76;46
44;55;82;50;44
8;29;18;39;2
60;25;52;37;60
69;74;43;83;46
58;54;31;35;174
80;32;39;23;40
84;35;84;6;252
11;89;62;58;11
20;15;27;10;40
25;28;34;7;25
57;62;56;47;38
54;58;71;63;18
83;81;23;35;83
61;51;15;10;61
81;79;87;86;162
57;52;46;78;57
70;50;67;54;35
52;37;64;51;34
81;55;76;87;121
55;53;42;44;18
66;59;79;53;22
41;15;57;27;27
40;60;73;82;60
17;13;72;25;17
54;57;68;59;54
84;50;47;75;84
85;21;33;22;85
55;41;53;31;27
41;40;35;36;123
76;6;44;19;38
30;51;32;31;45
18;73;13;89;36
53;51;52;83;35
29;69;76;71;19
25;11;70;66;75
40;12;46;30;20
46;29;65;41;46
33;49;12;53;16
65;28;54;36;43
56;64;65;84;84
29;23;41;4;87
58;68;24;89;29
35;35;20;19;105
50;51;32;32;50
51;32;38;94;51
46;52;59;61;15
27;13;12;15;9
42;43;35;49;42
53;72;18;28;159
71;34;28;34;142
29;34;54;82;29
55;40;50;63;55
42;59;55;47;14
52;17;73;17;52
56;50;44;82;112
61;58;8;74;40
48;18;28;43;144
47;40;42;41;47
42;27;54;49;84
48;82;41;28;16
42;59;65;49;14
31;21;34;25;31
52;97;21;14;34
50;11;35;77;50
41;23;47;52;13
44;36;10;22;44
49;25;14;33;73
33;65;63;37;33
27;24;11;9;27
14;65;38;63;42
33;36;35;10;66
85;55;74;44;85
23;34;47;64;23
35;29;19;53;35
43;42;50;55;64
97;89;68;17;194
32;42;48;68;32
85;88;17;61;28
74;53;66;43;148
32;28;28;33;48
27;42;57;53;18
71;67;63;47;213
77;54;75;92;231
1;2;2;1;0
36;34;39;25;108
27;56;76;71;13
50;6;60;72;33
10;10;30;46;5
56;46;59;45;168
78;10;13;42;78
31;22;5;50;31
8;19;16;9;8
91;39;23;49;30
39;66;41;38;58
78;27;20;41;26
46;77;13;31;23
84;38;58;80;84
97;68;18;83;97
43;71;69;27;64
11;42;70;88;7
55;59;41;33;110
63;98;53;80;63
12;34;12;18;36
59;62;57;64;19
56;40;39;23;18
9;64;9;53;9
66;49;75;76;66
30;7;74;54;10
10;26;24;10;10
21;24;32;29;21
57;46;68;68;19
77;51;84;41;115
9;28;21;28;4
24;59;61;18;16
72;32;54;38;72
40;72;51;35;13
70;25;28;66;105
17;10;6;15;51
59;39;47;75;59
71;91;58;69;142
56;40;55;30;112
48;66;50;11;48
60;68;62;70;60
54;21;22;43;27
76;80;54;18;114
66;40;62;66;22
18;72;56;61;12
23;11;6;4;46
33;64;30;10;33
13;36;9;39;4
5;16;39;33;15
18;46;63;61;27
57;73;57;71;114
36;58;53;39;36
59;63;94;70;59
46;45;54;90;46
32;62;55;52;64
43;54;41;62;28
73;84;43;55;24
12;37;16;27;12
45;43;54;54;67
33;48;40;12;66
54;64;45;69;54
23;20;24;25;46
57;54;45;68;85
43;11;18;31;43
39;68;46;71;26
49;46;45;36;73
71;35;24;33;35
17;71;22;69;11
44;54;34;68;132
8;71;76;17;8
18;54;51;32;18
27;49;10;50;9
41;45;2;36;20
18;26;18;11;54
36;77;50;31;36
25;67;94;51;25
49;17;39;18;49
15;40;23;47;10
51;46;41;50;25
28;43;29;23;42
58;83;71;38;58
46;38;64;84;46
75;74;56;31;150
93;49;27;91;186
26;27;10;12;26
59;78;63;66;177
21;54;66;48;42
82;40;78;87;27
53;52;27;73;26
42;79;86;60;42
60;78;73;86;120
24;42;12;55;36
25;39;16;26;25
45;88;37;86;45
26;30;12;39;26
69;33;31;77;69
22;13;64;16;22
50;18;36;60;75
73;19;18;16;146
29;83;4;84;14
53;71;48;22;53
36;31;67;61;72
92;87;76;50;92
23;4;29;14;7
31;37;25;35;15
17;18;39;44;51
47;25;47;66;94
14;11;43;32;28
99;27;16;17;99
70;62;68;49;140
31;21;49;49;46
53;50;77;65;159
44;74;19;30;44
18;34;11;68;18
33;27;68;49;49
55;50;15;49;55
67;42;59;69;33
37;38;37;36;24
49;59;61;59;49
70;38;37;50;210
18;13;24;15;12
60;67;36;73;60
53;34;58;28;53
28;42;32;8;28
30;13;5;71;20
91;41;40;71;60
42;53;33;41;63
40;50;77;46;40
12;46;57;28;8
42;31;14;23;28
23;24;23;37;15
55;49;19;57;27
63;22;17;22;63
87;32;62;44;87
44;48;60;43;22
12;33;22;37;12
68;71;21;74;136
30;17;54;16;30
79;63;68;76;52
44;37;60;53;14
47;41;29;64;141
46;63;45;60;69
84;93;81;68;84
65;66;78;32;195
75;65;23;81;25
60;21;75;59;40
51;59;50;64;153
36;31;34;37;36
34;14;9;47;34
42;42;52;23;126
17;62;50;59;34
87;56;100;55;130
64;82;69;76;64
52;56;13;82;78
37;28;54;24;74
34;34;7;34;51
66;59;55;31;66
83;52;55;88;83
5;61;48;52;15
59;39;55;61;39
70;67;35;88;70
62;38;42;32;124
17;17;26;34;8
28;35;17;10;28
26;48;64;83;26
24;34;60;44;8
68;65;96;99;136
69;43;72;73;103
42;28;25;23;14
7;39;52;8;4
83;94;96;82;27
45;76;84;83;22
16;57;38;30;48
75;76;73;59;225
40;43;10;26;60
49;42;53;72;16
92;35;54;35;30
35;8;11;73;105
18;60;18;50;27
92;77;78;42;138
14;73;36;63;4
26;40;58;85;26
20;20;31;25;30
52;36;47;37;17
68;10;61;46;45
63;38;51;67;31
59;68;27;74;19
76;40;37;70;114
28;10;6;22;18
25;14;14;34;12
62;78;44;87;41
63;34;60;61;189
90;91;57;82;90
32;52;35;31;21
56;55;52;57;56
21;35;43;55;14
57;54;42;27;57
24;57;17;66;24
20;85;71;78;30
52;62;64;52;52
38;29;46;35;57
65;21;78;13;65
42;96;90;41;63
30;41;54;52;10
26;47;43;20;17
69;31;68;73;103
26;17;27;39;26
67;93;25;31;67
11;31;25;54;16
43;64;37;39;43
26;34;10;19;13
60;66;16;26;60
27;36;13;32;27
80;25;14;35;80
24;51;53;55;24
40;87;71;26;20
67;76;49;55;67
51;47;35;54;102
11;22;51;75;7
29;53;41;41;29
43;26;45;35;129
4;42;23;13;4
82;83;80;11;82
48;51;31;52;32
12;13;67;40;6
29;33;54;56;9
59;41;56;74;59
76;80;32;27;25
54;22;49;23;27
59;69;8;30;118
54;64;26;27;162
80;82;40;39;80
36;50;60;72;36
4;65;77;74;4
34;10;50;10;11
90;38;49;71;135
35;27;19;9;70
71;68;43;67;106
60;58;74;26;90
8;46;29;21;16
32;25;30;28;96
50;29;25;34;33
45;50;50;56;30
85;85;34;73;85
43;39;37;53;21
33;58;55;75;66
25;10;35;6;37
10;67;9;34;3
58;71;87;86;174
58;22;50;56;174
38;52;37;51;114
36;30;24;40;18
82;45;33;37;82
18;15;19;21;36
76;53;14;51;152
58;60;69;67;19
49;8;54;40;49
55;43;35;43;55
40;39;50;28;40
85;57;48;90;127
21;19;55;33;31
73;59;95;41;36
45;3;26;15;45
71;79;57;61;71
51;32;45;28;17
24;31;19;20;48
85;46;37;62;28
31;17;42;34;20
78;69;98;27;156
35;46;29;53;11
76;68;43;35;76
38;17;15;51;38
84;41;69;58;168
72;55;18;35;72
57;84;66;44;57
14;14;39;81;4
29;36;56;33;29
33;56;30;35;33
27;11;19;10;54
10;36;32;36;30
26;24;30;50;39
27;74;29;88;40
32;88;81;32;32
55;31;49;51;18
48;30;58;36;48
51;46;97;38;153
43;41;14;15;21
35;57;53;51;52
64;45;88;87;64
29;30;7;30;9
76;59;58;50;76
80;68;82;44;80
32;79;91;20;10
74;17;61;13;222
29;17;28;21;14
18;74;28;57;18
3;83;17;38;1
14;44;63;42;14
53;56;49;53;106
17;35;26;30;17
13;19;71;77;13
47;43;28;30;47
73;60;39;33;48
4;37;37;12;1
79;90;84;56;158
42;32;57;62;21
65;58;18;72;65
91;70;23;89;91
58;35;29;35;29
36;63;42;41;24
24;26;43;31;48
20;8;11;40;13
39;33;91;43;26
31;26;72;32;31
50;36;59;55;100
72;68;59;58;216
61;52;30;59;183
58;18;37;44;58
27;52;29;53;40
78;89;62;67;234
38;28;67;60;76
56;51;42;45;28
6;6;5;4;6
19;20;50;30;19
57;45;35;29;85
44;36;55;13;88
88;43;53;95;29
16;34;55;19;8
71;46;57;35;47
51;46;39;45;25
21;26;26;41;10
5;5;16;30;1
58;49;55;87;58
88;81;76;72;132
56;24;27;44;56
57;39;52;68;57
25;57;22;85;75
34;56;7;37;17
88;49;52;34;264
81;60;64;59;121
51;33;56;35;25
50;15;20;26;75
46;86;55;83;69
74;88;43;32;222
74;32;72;27;74
79;50;39;21;118
18;14;20;13;6
74;64;32;1;74
51;34;81;62;51
60;71;15;79;180
17;41;42;13;17
25;45;31;10;12
18;28;40;47;12
43;83;28;63;129
30;28;47;31;90
20;15;8;32;20
69;47;42;63;46
51;78;50;81;34
12;27;40;44;8
29;35;29;34;87
20;11;35;50;60
5;15;38;68;15
17;40;31;57;17
14;36;34;61;9
22;22;24;55;14
44;43;32;54;44
69;59;75;53;23
77;80;81;57;154
63;15;41;95;63
45;48;63;53;45
8;30;14;8;16
78;20;27;25;39
54;83;46;79;81
55;65;67;37;82
51;37;58;56;51
70;7;24;43;210
34;56;56;50;68
48;57;47;23;48
72;57;72;66;144
37;43;30;63;37
38;42;20;45;38
75;39;57;44;50
56;76;60;53;56
48;40;28;27;32
73;65;92;93;73
23;65;76;20;46
38;50;56;20;57
34;48;44;73;102
39;9;63;64;78
33;83;42;50;16
31;24;42;8;31
78;40;37;76;117
53;22;6;37;106
68;40;67;24;102
7;30;9;20;7
83;48;30;25;27
67;38;39;51;33
54;76;26;23;81
52;11;45;55;78
14;39;13;51;21
38;29;46;54;38
86;38;64;16;172
15;51;65;68;45
76;81;51;57;76
48;49;29;41;16
74;63;65;60;74
85;36;60;82;170
7;31;7;7;21
16;15;54;46;16
71;80;68;46;142
51;40;55;76;76
51;4;19;69;76
94;85;92;20;94
54;36;36;68;36
28;30;43;32;42
46;54;22;29;23
67;74;38;34;67
32;30;89;59;32
74;74;83;48;49
83;80;49;86;83
39;25;38;28;26
26;21;35;38;39
78;62;37;77;156
18;47;29;62;27
40;60;73;68;40
52;68;65;60;104
31;27;28;26;10
70;74;81;89;46
35;15;5;10;11
33;48;51;54;33
71;83;89;75;106
25;29;37;36;25
50;72;25;38;150
88;57;31;10;29
3;18;16;20;2
45;14;35;16;135
59;53;70;12;118
14;29;32;17;14
73;62;84;68;109
27;25;11;26;27
64;47;69;36;42
50;19;64;38;25
29;88;76;73;43
58;19;40;39;19
55;15;27;48;55
51;58;87;11;51
32;33;42;41;32
11;12;14;20;11
64;57;32;26;32
48;25;33;62;48
47;40;32;37;47
77;82;66;84;231
29;13;13;19;58
65;50;72;22;97
54;47;9;75;36
45;46;37;10;15
27;34;36;44;27
63;21;33;31;63
49;44;49;89;49
9;25;51;28;13
39;45;18;9;19
76;57;8;87;228
32;40;17;72;16
22;51;45;50;22
77;58;43;73;231
57;44;2;10;38
85;87;83;85;85
43;84;25;62;43
31;30;76;71;62
49;40;58;43;32
52;32;58;58;52
80;91;37;33;40
45;9;38;20;135
49;42;58;70;49
59;72;99;66;88
77;79;20;4;77
50;52;27;60;50
51;77;23;48;102
27;41;14;26;54
38;33;15;6;76
38;67;49;60;38
9;49;32;43;9
38;14;81;41;25
42;34;27;25;14
85;81;65;63;56
80;67;91;51;160
71;72;71;42;47
49;41;50;43;16
59;68;73;40;177
54;41;6;74;54
37;25;33;23;111
44;57;30;25;66
37;37;28;31;55
57;37;56;17;28
58;60;30;69;58
35;65;37;71;35
37;44;26;48;37
80;47;53;79;80
66;60;48;52;22
60;33;24;25;90
35;27;52;36;35
22;47;51;44;11
47;62;51;68;47
75;72;21;69;75
36;50;29;18;54
8;13;30;18;4
78;25;24;79;52
41;29;53;55;27
60;43;28;63;90
26;31;25;22;26
87;41;79;72;261
78;25;35;43;39
50;41;36;42;50
4;8;13;4;1
26;48;82;66;26
62;39;37;72;62
53;38;38;70;79
43;43;41;55;43
16;71;63;48;16
60;69;93;34;30
76;72;49;43;76
18;44;12;57;6
31;47;88;69;15
37;51;41;66;111
61;21;61;24;122
70;36;33;44;105
36;36;33;79;36
24;19;17;19;24
33;29;46;43;49
15;27;26;40;5
36;35;38;42;36
10;13;9;22;15
54;30;49;29;18
13;55;26;13;6
50;18;73;43;33
18;32;26;57;18
21;32;56;61;21
92;39;91;76;138
65;44;42;49;21
67;53;54;54;67
74;78;66;52;148
42;60;24;39;28
69;48;77;45;103
66;42;70;76;198
40;29;23;26;120
42;75;75;72;84
26;21;69;59;17
49;82;71;35;49
64;65;66;65;21
34;54;39;23;51
16;54;22;19;5
47;50;10;34;47
90;77;43;80;90
34;50;45;37;68
26;36;6;33;26
38;47;38;60;76
46;43;46;44;69
68;75;45;51;45
80;74;98;83;120
38;23;11;76;25
86;66;83;43;86
52;80;52;58;156
13;58;12;30;19
16;62;32;58;16
37;74;64;58;37
34;47;66;33;34
42;55;55;42;63
75;51;56;95;25
52;55;27;59;52
19;59;66;33;38
18;46;63;55;36
31;57;19;20;31
40;53;60;35;20
52;10;16;31;26
66;62;70;80;99
73;70;50;26;36
5;21;1;6;15
77;56;53;90;77
57;88;62;57;38
8;27;12;20;4
59;54;89;52;19
55;73;53;56;82
53;19;26;28;53
55;84;68;31;18
79;60;81;77;26
60;51;46;24;40
79;36;66;19;158
63;38;37;30;189
74;50;31;35;111
13;11;6;54;39
37;32;37;37;18
73;50;82;75;146
45;42;85;49;45
43;41;32;49;86
61;14;27;44;61
17;47;48;5;8
21;75;19;62;63
33;9;23;17;66
35;28;10;31;105
73;78;81;70;36
62;52;74;32;41
60;55;49;51;90
33;24;26;27;66
18;21;20;17;12
69;47;9;27;23
20;29;31;11;6
45;60;49;62;45
45;36;34;51;67
7;74;12;17;21
70;77;59;80;46
52;52;42;39;17
37;13;27;8;12
61;30;50;34;40
28;26;21;19;28
25;75;44;96;12
18;81;34;77;18
56;37;56;45;28
91;77;83;65;91
21;31;58;35;7
33;85;50;22;16
51;59;60;59;76
71;56;52;46;106
32;59;11;82;16
50;30;65;80;33
97;69;80;47;194
56;52;32;20;37
73;22;62;13;24
54;44;77;72;54
63;14;7;73;63
65;39;33;61;32
63;66;40;83;63
33;25;49;64;33
61;64;30;44;61
21;14;20;42;14
48;79;87;55;72
36;27;90;91;12
55;40;68;5;82
13;14;22;27;8
53;61;39;39;159
63;77;72;39;21
74;69;75;30;37
82;73;41;44;123
43;47;63;60;28
34;35;24;35;22
27;19;35;31;27
18;31;27;41;36
26;20;41;30;26
85;79;76;43;56
23;45;43;32;7
24;41;46;75;48
64;39;41;51;128
60;48;46;58;60
62;8;29;47;124
32;29;35;50;48
58;29;57;41;58
24;37;87;45;8
41;39;51;70;123
65;16;11;23;195
19;22;48;53;19
57;47;60;53;57
63;85;64;94;63
51;89;45;87;76
79;87;66;86;26
64;66;31;89;64
36;85;25;36;72
23;22;48;58;23
10;38;84;67;10
19;17;61;66;19
68;67;13;68;136
36;75;39;80;36
76;84;64;66;152
46;39;32;38;69
86;66;91;25;129
24;53;28;46;16
20;25;11;30;20
79;28;33;51;39
59;27;39;28;118
27;28;31;25;81
44;38;32;24;14
28;45;50;48;18
46;74;89;57;46
14;26;40;38;28
34;84;91;59;11
46;37;45;31;30
77;38;37;41;231
47;68;32;4;141
87;89;81;10;87
77;32;53;36;115
43;75;71;9;14
15;35;41;19;7
37;53;31;58;37
32;44;66;61;32
55;57;54;34;18
60;43;51;52;60
20;42;43;52;10
38;55;69;40;76
25;48;29;27;25
64;87;32;81;32
56;43;90;11;37
17;38;50;31;17
46;56;22;29;92
75;74;81;18;225
20;18;50;15;20
4;8;45;32;6
22;7;9;10;66
91;88;63;75;91
58;75;39;62;29
91;22;49;51;136
43;40;43;46;86
23;47;11;15;23
32;19;43;21;64
22;27;80;68;22
72;66;27;55;24
41;55;48;34;41
21;71;78;74;7
19;37;15;26;38
76;67;55;69;152
47;57;18;63;15
93;35;12;15;93
27;80;28;28;27
43;57;32;37;86
62;55;54;19;93
4;23;18;3;12
74;42;8;67;111
56;71;57;86;168
52;79;60;44;26
18;22;18;7;27
56;54;84;30;56
72;50;40;55;72
35;42;19;20;35
68;24;25;79;136
91;85;56;42;45
21;30;51;41;63
66;35;60;59;44
94;68;49;72;31
35;45;35;42;35
58;51;51;60;29
56;8;74;57;37
65;50;52;83;65
47;47;79;71;47
27;33;43;19;54
28;29;73;50;28
76;58;79;86;76
39;6;59;4;39
59;50;46;61;88
67;62;36;13;22
30;75;52;83;90
92;66;57;25;184
3;51;13;12;2
2;43;2;19;6
9;28;34;25;4
63;65;70;71;126
69;87;56;65;138
35;32;36;11;35
45;32;36;99;45
11;25;30;14;16
74;13;29;82;111
60;30;64;48;20
50;86;73;60;150
24;11;27;36;36
69;75;42;35;69
5;24;76;67;10
74;67;69;64;49
36;41;44;19;36
88;65;82;84;88
45;52;76;87;45
46;58;29;58;69
35;64;35;45;70
25;22;21;20;25
80;82;91;52;240
54;66;50;86;108
86;52;68;58;86
37;34;26;35;111
25;24;13;34;16
70;55;71;66;210
53;47;1;85;17
48;49;35;43;32
34;59;94;60;34
76;37;21;88;76
78;74;46;66;78
73;58;83;58;109
63;19;98;23;63
86;90;39;40;86
55;46;37;39;110
42;16;78;63;28
57;22;15;49;57
23;44;50;27;15
51;60;65;82;153
43;32;46;85;43
63;15;56;41;94
23;10;22;13;7
32;70;59;23;16
63;57;75;64;63
51;17;33;44;51
42;70;54;79;42
31;30;48;19;31
16;22;22;23;16
95;98;79;90;31
16;30;19;40;16
30;29;33;30;30
37;15;70;95;12
22;26;28;33;22
46;10;28;53;92
70;63;73;47;70
32;29;29;38;32
77;77;62;76;25
59;65;52;47;59
54;51;57;49;81
19;7;74;37;19
58;63;45;90;29
40;57;62;77;26
30;37;48;35;20
22;32;63;53;22
46;15;38;35;46
41;84;93;78;27
45;77;94;48;45
92;73;53;42;92
53;80;47;73;17
40;38;26;30;60
16;95;24;72;24
44;30;32;27;88
27;35;34;48;9
59;32;45;59;29
43;33;10;43;14
35;36;17;40;35
68;47;58;78;34
15;37;58;57;45
67;40;64;51;100
12;38;11;38;18
42;57;30;51;42
60;41;59;68;90
32;53;48;85;10
74;31;20;55;222
23;53;8;36;15
39;57;48;56;39
22;31;68;18;7
39;19;44;18;13
25;49;47;20;16
34;43;49;38;22
30;28;76;30;45
76;42;25;74;76
51;45;32;11;34
45;32;59;33;30
49;39;73;44;98
29;68;64;31;9
22;71;64;14;11
61;28;29;50;122
49;44;37;8;16
55;78;65;75;55
87;56;50;16;58
47;35;17;31;94
14;5;7;16;14
53;10;54;43;53
82;29;91;41;82
35;54;42;35;35
69;73;87;41;69
58;88;39;39;38
52;50;89;81;104
65;33;32;48;43
20;19;21;31;20
7;47;39;21;21
76;42;83;47;228
78;59;16;35;78
21;60;24;30;42
62;63;68;53;31
43;27;83;61;129
48;59;60;80;24
61;61;76;45;91
47;33;6;42;141
25;40;12;5;75
15;29;75;52;10
16;43;10;18;5
18;24;35;25;18
65;56;92;60;97
21;41;16;46;31
55;35;11;34;55
22;18;18;21;22
70;92;89;33;140
45;71;33;89;90
80;52;13;57;53
70;57;83;29;35
16;69;54;60;32
42;59;9;68;126
77;56;66;63;77
71;95;41;54;142
42;73;52;61;42
48;54;67;44;96
96;59;94;88;144
37;71;59;42;111
69;85;55;29;69
6;62;26;74;4
33;30;25;32;11
42;39;55;49;84
87;92;66;27;29
57;65;60;72;38
78;16;26;21;78
44;69;53;68;44
18;62;62;67;27
76;56;60;71;152
50;44;69;17;25
20;27;26;25;40
58;84;94;69;19
67;82;21;26;100
77;46;49;80;115
52;46;90;86;156
47;70;39;54;94
71;13;64;94;71
57;70;52;51;57
72;89;75;89;36
78;57;87;63;78
47;36;11;87;47
59;12;16;24;59
70;14;55;18;23
58;15;28;36;58
44;70;43;72;44
41;33;38;13;82
15;32;37;35;15
24;76;69;83;24
27;27;34;16;27
61;54;29;41;20
46;40;36;45;46
49;40;68;52;147
78;91;37;51;117
68;33;41;82;102
66;57;69;62;33
55;26;57;24;36
62;81;38;40;62
62;92;78;60;62
18;34;32;34;54
21;20;23;8;14
71;39;54;50;213
17;22;31;18;17
63;68;49;54;126
23;44;27;38;11
42;21;28;29;14
29;81;87;60;87
61;50;67;62;122
5;85;73;64;15
46;52;68;39;138
44;58;8;17;22
56;27;60;41;84
47;54;85;61;47
83;27;70;67;83
18;38;53;41;27
27;15;15;21;27
47;61;9;11;70
70;82;78;67;105
62;40;49;90;62
51;58;38;79;76
96;98;70;32;32
27;43;46;29;9
36;45;39;33;24
38;42;44;34;38
46;47;21;47;138
17;13;9;12;8
54;45;37;55;108
26;44;45;39;8
38;70;58;41;114
55;80;20;83;55
11;33;40;42;3
18;15;18;53;27
17;79;43;21;25
11;54;28;29;22
52;65;41;73;104
69;17;46;69;46
30;29;15;22;45
76;48;79;87;228
21;12;11;47;63
19;25;25;66;12
69;71;66;79;69
42;10;65;5;42
22;39;31;8;33
52;22;6;10;78
55;64;64;34;27
39;28;43;30;13
49;5;44;68;49
82;69;58;75;27
51;76;56;75;51
73;69;56;91;219
57;69;42;46;57
20;37;49;24;6
75;93;87;86;50
74;1;77;96;49
18;25;21;27;18
67;56;62;68;67
57;37;30;35;57
43;65;83;85;14
44;31;57;81;29
32;46;26;49;32
67;69;43;34;67
90;69;58;43;180
94;76;34;46;188
19;36;17;14;19
30;48;72;76;30
57;48;47;70;28
50;55;38;40;150
13;85;78;52;13
19;39;14;13;19
17;16;26;19;17
32;25;39;42;96
31;29;13;25;31
62;50;50;25;62
60;63;13;59;60
74;22;50;11;222
20;21;27;80;40
37;50;23;43;24
52;50;54;44;52
30;59;44;29;45
38;30;31;38;76
17;72;57;78;17
58;9;25;19;87
81;56;70;54;54
36;44;66;65;18
22;12;1;3;22
21;12;23;10;21
23;19;76;13;34
64;11;50;82;64
53;68;48;94;35
74;34;65;70;222
22;58;65;58;14
66;61;62;31;198
40;15;18;34;20
70;78;74;93;70
28;40;52;48;9
49;56;88;44;24
25;15;19;27;37
23;45;50;4;46
41;26;39;29;61
56;77;71;40;18
71;58;42;59;35
66;24;18;51;22
25;12;17;17;50
32;27;24;72;32
25;48;51;36;25
44;41;20;46;88
55;13;75;79;18
52;30;41;65;78
63;40;99;36;63
63;64;40;52;42
60;78;31;44;90
80;48;78;76;80
41;39;24;14;41
91;30;71;39;182
26;34;31;45;26
40;69;45;67;40
83;40;52;72;249
47;74;29;20;47
32;39;41;33;64
24;30;61;19;16
28;23;5;71;18
32;37;63;64;32
64;69;56;57;32
37;68;66;45;37
22;40;34;32;22
16;22;30;23;24
37;48;28;33;74
71;49;60;66;23
53;31;17;19;53
20;22;70;78;13
40;60;42;85;13
9;30;32;37;27
43;34;41;22;129
53;88;83;86;53
29;23;84;93;29
48;37;65;48;96
41;64;77;25;20
25;19;35;53;50
36;15;50;49;24
47;72;67;59;47
65;65;29;48;97
93;33;24;26;279
29;90;40;38;29
32;39;37;51;10
28;38;19;37;14
46;13;57;15;92
44;38;38;69;66
7;6;45;53;7
30;18;17;20;15
41;78;39;65;20
48;28;50;21;144
40;51;72;37;60
42;35;55;12;42
29;44;71;76;9
19;22;79;62;9
46;83;63;52;46
30;46;19;79;30
12;25;10;29;12
62;44;61;39;62
69;51;8;25;138
63;79;21;37;21
37;74;84;42;37
41;55;32;49;61
39;81;50;53;39
67;62;83;93;201
9;86;33;54;13
51;58;50;68;102
37;46;23;11;37
42;74;74;42;84
45;5;4;64;45
66;41;67;18;66
50;99;39;94;16
58;45;68;85;29
70;68;42;62;105
94;78;97;100;47
12;56;36;40;36
43;40;54;27;43
52;75;54;28;78
47;83;74;56;15
30;29;33;15;30
84;78;17;84;84
49;56;88;45;147
60;71;51;48;120
34;31;27;39;34
53;29;30;74;17
78;23;4;17;234
37;37;47;27;37
35;46;20;57;105
31;52;78;83;31
35;54;33;32;70
27;40;80;32;27
43;17;53;49;43
51;48;21;22;17
71;12;30;79;71
22;39;65;66;66
44;12;86;63;44
39;75;21;30;58
85;57;75;65;85
40;59;60;37;20
36;77;61;28;12
6;32;93;45;6
30;36;92;29;60
19;70;91;31;6
34;44;81;36;17
36;70;49;67;18
64;45;34;68;192
70;73;84;69;70
51;56;51;44;153
60;79;100;84;40
76;84;67;83;152
46;66;47;46;138
5;23;37;18;5
57;67;57;83;19
33;76;84;29;49
17;28;11;51;11
65;34;72;36;195
59;19;83;78;59
46;47;42;32;46
10;36;10;13;10
60;65;57;45;30
20;35;26;29;6
78;84;55;58;117
81;62;80;90;162
73;73;53;39;48
42;37;76;40;42
63;55;38;20;63
65;31;65;57;65
82;42;71;65;27
47;8;32;56;15
44;41;49;52;88
37;12;7;5;37
70;60;26;21;46
65;80;86;78;65
69;36;72;46;69
30;17;35;50;60
15;25;48;78;10
51;86;58;74;17
46;26;11;14;30
83;25;23;48;41
29;35;35;29;14
22;53;45;34;11
27;55;77;61;13
52;17;67;67;104
34;73;51;28;102
29;51;30;43;43
39;28;36;62;39
72;95;83;20;72
44;76;84;71;29
52;56;46;55;52
55;82;66;52;82
28;22;41;34;28
51;50;46;58;51
13;34;22;43;8
51;52;62;61;25
49;63;20;67;98
37;29;45;19;55
12;40;27;63;6
64;34;31;53;21
27;36;35;36;54
45;42;48;37;45
75;83;44;70;75
55;31;76;39;165
19;36;43;7;12
4;43;39;24;2
31;21;48;8;62
32;48;84;84;21
30;3;23;13;20
37;77;61;91;18
60;49;34;74;60
46;49;51;51;23
10;35;36;26;20
24;86;52;64;16
30;19;21;21;30
33;18;53;36;16
33;35;48;37;33
61;44;67;71;61
83;51;18;56;124
20;9;9;51;40
64;49;93;35;32
50;59;61;29;150
79;22;66;7;118
61;30;24;27;122
19;91;75;24;19
32;42;44;48;48
36;39;59;39;72
46;32;28;35;23
85;55;57;13;85
58;62;76;39;58
54;46;52;51;162
32;29;64;85;64
56;53;25;68;56
17;38;39;24;8
30;21;27;31;45
45;63;71;56;67
31;33;88;64;31
54;84;52;80;81
84;80;64;30;84
2;78;73;77;2
27;48;25;55;81
64;31;87;64;192
31;80;57;64;10
29;42;75;9;9
6;7;23;21;6
38;16;36;35;114
54;47;19;29;162
82;52;15;67;164
46;60;38;41;46
16;12;47;4;10
95;33;56;38;95
38;40;39;47;12
48;23;62;37;48
28;61;9;38;14
33;56;16;82;33
54;33;18;12;18
43;86;48;18;14
40;32;44;60;40
55;56;90;9;36
35;31;38;35;70
12;16;32;19;36
12;82;15;91;12
48;42;55;53;48
85;62;42;61;85
71;78;60;27;35
59;69;61;54;118
48;38;21;18;48
22;34;33;28;44
26;29;15;13;26
20;12;23;21;20
73;80;94;88;73
71;28;99;37;71
26;85;54;79;78
65;25;30;83;97
53;18;23;32;79
47;51;48;64;47
46;49;28;70;46
51;48;80;74;102
50;48;20;42;75
25;26;25;48;25
48;76;59;82;16
29;46;50;48;19
40;56;56;43;40
28;52;44;45;84
28;19;28;26;84
85;23;8;16;85
41;63;68;32;13
23;36;6;23;34
72;68;81;77;216
31;37;3;69;15
50;37;61;73;50
75;12;48;77;75
42;25;39;22;84
31;26;34;76;20
11;50;66;10;11
57;53;75;65;85
44;80;54;49;44
41;58;13;7;27
22;18;51;47;22
34;48;36;33;68
41;49;38;71;123
41;46;32;31;41
44;27;56;50;88
46;42;55;56;138
36;48;44;37;36
85;44;43;36;28
19;17;23;21;38
48;50;32;67;72
37;35;38;53;37
68;80;25;25;136
33;41;8;20;33
6;6;35;20;6
80;54;73;41;80
27;30;31;34;13
83;76;92;46;83
28;53;37;45;84
72;81;44;44;72
38;21;37;45;114
66;61;23;74;66
32;66;62;54;32
63;30;70;30;42
34;51;85;70;17
71;79;35;19;71
46;46;11;26;46
18;43;63;31;54
22;29;21;6;44
61;45;21;10;91
61;81;55;48;61
94;38;38;29;62
52;78;21;26;78
71;68;25;19;47
36;13;44;18;36
54;68;36;25;54
73;46;44;62;73
20;33;22;56;30
78;44;84;57;78
54;31;50;21;27
18;77;64;40;6
45;58;39;45;15
52;47;31;53;52
20;18;12;22;60
48;67;50;41;72
24;33;71;44;48
28;44;33;33;28
61;95;56;42;61
35;24;35;46;35
80;37;68;79;26
54;37;70;54;18
18;61;16;23;54
63;74;69;73;63
83;49;82;54;27
65;24;50;3;21
75;61;55;63;150
50;50;16;65;33
68;27;65;57;136
60;54;60;52;120
19;22;13;12;28
15;64;52;41;15
56;70;54;62;37
17;69;39;55;8
37;73;40;62;18
28;52;58;10;42
21;36;56;87;7
28;54;89;52;56
38;42;38;64;38
65;57;69;87;32
54;75;77;81;27
41;47;66;43;20
34;22;33;46;34
36;34;43;25;36
65;47;57;64;21
29;39;76;18;87
74;50;50;34;24
63;87;70;63;94
83;46;24;22;249
42;29;47;43;21
41;42;25;41;82
33;2;67;9;22
79;38;47;37;79
98;92;64;19;65
57;47;36;50;85
75;50;47;26;75
22;29;25;26;22
62;37;32;53;20
56;22;55;33;84
34;44;33;66;51
42;49;43;47;28
27;13;81;96;18
41;8;6;32;41
52;52;27;39;34
86;33;27;24;57
15;17;35;18;30
73;60;56;60;24
52;71;66;75;52
4;15;29;43;12
30;41;21;10;90
17;6;39;89;11
62;69;18;56;62
26;21;15;21;39
37;37;26;36;18
70;46;52;52;70
15;22;42;57;10
34;63;33;42;17
56;34;40;56;168
24;37;35;25;48
88;45;77;44;44
70;40;17;87;140
87;61;51;24;43
25;62;51;50;25
34;21;26;40;22
69;49;36;30;34
44;36;46;49;66
10;73;13;26;30
73;49;58;84;73
53;67;93;91;17
72;27;73;31;144
62;41;87;37;62
30;39;19;21;30
7;40;24;59;7
59;45;53;49;59
12;76;71;68;6
39;59;26;48;78
65;74;73;43;21
65;13;68;24;65
53;21;34;22;106
46;83;37;60;23
41;59;26;7;123
53;40;36;42;26
28;44;48;30;84
56;43;36;67;168
74;66;63;62;148
65;65;90;54;32
26;19;16;15;26
25;35;37;35;50
12;14;13;18;24
50;26;41;46;50
24;83;17;88;36
55;80;58;48;55
83;32;47;79;249
34;41;52;50;51
44;46;29;35;29
71;73;51;78;213
29;76;61;41;29
26;57;71;63;17
13;51;73;5;13
60;67;50;27;30
59;46;29;42;59
39;48;51;65;39
79;62;81;46;79
33;37;12;29;22
23;29;83;41;23
32;41;22;29;10
55;36;61;51;55
84;68;98;16;56
70;48;23;77;70
72;20;9;38;72
63;21;55;65;63
31;37;35;44;31
33;74;52;47;99
83;90;86;51;166
52;57;71;65;17
29;22;56;12;29
27;24;38;5;81
42;33;60;56;126
8;26;34;41;8
60;90;69;90;60
35;9;67;21;11
39;24;42;29;78
34;61;70;68;51
70;42;51;41;23
28;59;69;11;42
70;86;68;29;35
45;51;72;44;45
16;34;65;59;48
52;53;68;54;52
9;35;34;81;6
12;37;13;4;12
53;41;32;23;26
70;38;41;38;23
44;34;53;49;44
93;67;82;79;31
62;54;21;39;62
7;26;33;37;10
61;57;65;53;61
42;86;92;57;84
64;63;85;53;42
50;52;68;57;25
40;35;47;16;40
76;31;86;29;152
22;53;16;41;14
72;32;51;66;108
76;69;56;65;25
17;43;19;51;51
72;65;62;71;72
64;76;34;24;128
74;81;84;53;148
4;17;55;10;1
42;70;43;47;63
16;35;19;26;5
43;65;23;31;28
69;9;68;33;34
57;45;52;66;171
32;65;63;25;32
40;66;36;43;80
29;40;48;90;9
17;46;41;48;11
30;27;57;50;30
16;62;21;40;8
33;26;31;15;99
32;64;30;18;21
41;62;65;46;61
61;54;82;59;40
26;45;53;87;26
16;60;22;78;16
60;80;44;49;60
13;25;21;17;13
76;22;52;17;25
71;21;12;41;106
3;63;30;16;1
99;52;21;23;99
62;53;64;67;62
89;57;83;66;89
56;50;29;54;84
27;31;31;21;13
77;76;39;60;51
66;76;9;82;33
83;51;71;98;55
50;71;51;76;75
72;41;55;72;24
13;45;20;23;6
81;22;45;79;54
32;59;13;76;96
28;49;62;17;18
47;61;50;58;23
80;25;25;78;40
70;54;83;41;46
33;74;73;43;16
5;32;60;28;7
22;48;43;51;7
66;49;40;46;132
61;57;60;33;183
47;75;63;47;31
33;44;43;25;11
18;16;53;13;12
29;36;40;33;29
46;31;24;50;46
23;46;58;47;34
73;11;19;25;146
11;3;93;27;11
46;59;59;46;23
79;94;67;87;118
17;40;51;48;17
50;53;48;51;50
32;83;92;42;32
34;50;14;24;34
17;13;38;40;17
59;63;9;80;39
14;25;13;23;9
18;24;13;13;18
48;90;51;38;96
72;38;66;69;72
49;94;93;57;73
22;47;38;11;7
15;5;14;35;22
72;40;41;15;36
45;77;28;79;45
89;81;42;81;59
43;41;9;21;43
87;68;27;69;261
35;34;49;30;52
27;40;61;47;27
17;12;14;20;17
23;35;28;35;7
31;44;94;52;31
85;50;62;57;42
70;51;81;43;210
48;22;92;37;72
80;54;22;47;80
65;59;47;89;21
53;47;52;52;53
34;38;37;35;51
64;86;50;42;64
22;36;43;39;7
46;58;63;50;46
64;17;83;81;21
8;9;15;14;2
70;32;23;59;35
53;39;84;28;53
62;45;72;86;20
8;20;14;3;24
9;10;55;12;18
63;39;93;71;126
27;67;30;33;81
12;51;56;43;4
69;41;87;68;23
72;53;89;98;108
41;16;18;22;13
52;61;44;69;156
31;44;83;26;31
68;12;31;14;34
38;44;28;25;19
37;50;40;43;111
54;15;36;68;81
30;33;47;16;30
20;45;53;27;10
58;85;33;51;58
51;50;54;68;153
27;26;7;23;81
55;24;18;71;18
24;34;43;23;24
53;52;61;59;35
59;92;95;86;59
53;46;31;68;26
78;12;30;59;234
28;87;30;73;28
62;70;11;72;93
42;74;55;59;126
7;40;32;21;7
77;68;63;68;25
49;25;52;20;49
43;72;2;69;43
59;49;81;44;177
53;24;77;41;53
36;59;52;28;108
90;95;63;95;90
26;31;68;39;26
41;50;71;66;20
56;72;58;30;168
65;70;59;40;97
56;13;6;33;28
23;23;44;41;11
78;43;83;21;117
62;21;35;25;20
99;34;31;90;297
40;32;30;20;80
64;38;16;39;64
60;47;56;82;60
47;49;35;36;94
28;38;58;75;18
68;82;72;98;22
25;67;13;10;16
54;56;30;69;18
49;70;72;48;98
30;5;45;6;15
20;69;41;47;20
70;68;62;15;70
55;63;45;42;55
65;37;29;67;32
42;38;81;36;42
51;51;49;50;25
25;31;16;21;37
71;67;34;54;142
62;73;39;97;62
55;31;50;29;82
75;50;62;26;75
70;67;32;41;46
56;51;43;28;56
21;57;41;76;63
37;93;71;61;24
32;26;66;23;96
90;35;35;62;270
25;25;16;12;25
52;57;37;45;52
60;60;56;38;180
60;44;70;16;120
23;34;17;76;46
46;53;61;42;138
51;63;87;28;153
38;54;36;44;114
45;37;13;41;135
65;87;72;29;65
71;88;73;55;71
60;68;86;73;180
17;23;33;33;51
63;57;53;51;126
45;38;53;28;90
39;52;41;51;39
41;46;35;50;82
21;13;11;27;21
41;12;22;13;123
26;24;58;25;78
84;75;100;48;84
66;62;45;48;198
33;60;51;60;33
53;16;38;53;53
15;11;8;22;30
87;71;46;83;87
24;50;68;67;72
21;67;62;66;21
69;40;62;46;207
70;77;72;38;140
15;41;50;71;45
29;28;10;30;29
40;27;38;45;120
69;50;60;67;69
40;60;34;53;120
58;50;73;94;174
25;5;21;9;50
52;45;47;39;52
37;11;24;27;111
87;55;48;26;261
9;35;21;54;9
66;70;57;43;66
37;25;59;45;37
56;42;60;56;56
34;48;34;24;34
43;36;6;5;129
59;50;73;70;177
60;57;52;35;60
26;13;30;54;78
26;33;67;50;52
51;42;31;48;51
64;93;64;40;128
52;76;79;51;104
60;51;64;63;120
25;45;33;60;50
52;62;58;29;104
85;53;52;91;255
22;53;69;46;66
33;39;21;35;66
30;28;35;36;60
78;41;32;38;156
32;30;73;31;96
27;27;49;36;81
12;39;39;41;36
24;47;53;55;24
82;45;25;67;82
62;37;47;50;124
61;47;47;44;61
17;27;11;34;34
60;67;28;31;60
48;28;17;29;96
46;23;92;33;138
48;83;67;38;96
37;53;43;24;37
59;64;32;11;177
8;41;4;52;16
61;50;46;51;61
69;73;62;71;207
31;68;16;30;62
38;33;45;33;76
22;56;44;13;44
29;33;31;27;87
66;79;51;56;66
45;54;34;88;135
65;45;28;50;130
37;33;47;42;74
64;24;24;5;64
70;60;44;31;140
11;23;50;41;11
68;75;60;29;68
45;28;6;13;90
66;69;34;85;198
37;37;18;20;111
67;57;22;73;67
29;48;62;46;87
18;33;15;7;36
18;42;76;23;54
22;67;34;59;44
62;68;61;63;124
88;50;27;37;88
65;62;36;75;130
31;43;50;70;62
66;60;60;74;198
75;60;59;75;75
10;61;6;41;20
78;42;65;65;78
89;60;35;63;89
31;29;23;26;31
30;34;74;73;90
25;75;44;10;25
46;89;32;63;46
9;79;61;20;9
75;54;72;44;75
53;9;31;19;53
35;34;36;51;105
73;79;92;87;146
31;37;12;11;62
71;73;74;48;71
30;44;5;57;60
82;54;80;71;82
31;33;37;68;62
73;60;7;45;73
50;66;52;67;150
52;60;38;47;104
65;48;69;64;65
36;45;48;26;72
4;32;52;50;12
41;62;29;37;41
62;43;21;59;186
14;29;37;27;14
67;39;64;15;134
58;68;67;69;58
40;60;55;46;120
27;30;27;98;27
5;14;5;24;10
9;40;11;40;27
35;37;41;10;105
62;25;28;43;124
43;8;25;11;129
26;28;7;67;26
24;22;16;18;72
30;54;37;33;30
20;49;48;44;60
76;65;46;82;228
31;35;15;43;93
43;94;93;87;43
58;44;47;47;58
28;61;65;54;56
51;33;15;18;153
66;8;2;36;132
77;9;23;16;231
57;50;28;43;57
60;13;11;65;120
26;71;33;58;52
41;25;47;37;41
18;25;73;92;54
47;44;45;47;141
66;63;55;37;198
26;68;26;67;26
54;35;58;55;162
52;41;54;60;52
41;83;86;26;123
37;45;70;78;74
55;46;31;21;110
65;29;48;53;130
31;25;17;21;62
18;21;24;48;18
72;42;8;58;144
37;56;37;72;37
66;50;35;49;132
84;92;26;79;84
41;32;31;15;123
40;46;49;60;120
63;63;52;89;126
46;48;70;62;92
77;59;36;40;154
40;29;36;21;40
60;72;74;38;60
49;46;86;76;147
65;58;46;48;65
49;39;49;47;98
37;29;61;80;111
39;10;17;38;78
31;38;16;36;62
28;46;38;30;84
49;37;19;44;147
68;90;91;42;136
77;34;31;72;231
48;79;77;70;48
31;72;42;48;93
56;7;21;61;168
90;81;35;45;90
49;59;89;95;147
15;16;11;27;45
9;41;39;43;27
23;33;36;82;46
43;45;29;17;43
40;19;15;29;80
25;15;72;31;25
43;16;46;79;43
78;64;81;75;156
57;45;16;39;114
14;28;30;33;42
39;73;62;45;78
73;52;73;58;146
45;39;22;5;135
18;42;35;19;18
73;43;75;63;146
82;58;74;75;246
17;25;19;2;17
25;2;38;46;75
44;37;25;27;88
26;20;37;40;52
92;63;78;63;92
67;35;14;34;67
62;39;71;57;186
85;30;23;41;255
82;53;29;81;82
32;33;26;17;32
45;32;72;82;135
23;34;41;49;23
27;28;48;43;54
44;46;29;28;132
4;53;36;45;8
20;30;22;33;60
32;81;76;39;96
56;80;55;21;112
19;44;69;14;57
52;73;51;45;156
58;70;83;41;174
44;44;47;6;132
69;30;61;28;69
79;65;57;82;79
2;2;7;10;2
68;14;25;16;136
29;18;14;22;58
28;72;55;14;84
67;71;20;53;67
26;37;32;17;78
35;40;35;30;70
61;67;79;20;183
30;39;45;35;90
42;33;15;46;42
38;62;40;18;114
90;66;37;78;180
44;83;64;23;132
14;5;12;24;28
17;26;21;28;51
35;34;22;26;70
52;35;55;69;156
33;12;33;41;66
12;3;45;14;12
60;95;56;57;180
43;16;41;43;43
60;96;51;59;180
71;51;89;72;213
41;57;36;63;41
70;47;87;40;140
66;50;68;56;66
52;39;12;17;156
45;47;60;40;135
43;46;48;48;129
34;17;49;32;68
36;53;37;66;72
17;36;16;22;34
32;63;22;77;96
56;52;42;44;168
33;50;90;93;33
47;32;46;24;47
93;90;54;26;93
26;56;60;67;52
12;34;45;28;24
41;13;35;8;123
54;56;59;48;54
55;14;9;56;165
37;20;16;63;111
29;28;41;24;58
52;28;50;52;52
16;31;30;17;16
53;42;6;13;53
79;66;38;86;79
82;87;92;25;82
43;25;46;21;43
36;49;55;61;36
66;10;76;66;66
11;9;18;17;11
67;75;78;37;67
68;14;60;64;68
30;82;95;23;60
72;17;73;87;72
36;57;77;67;72
73;54;55;66;73
90;3;37;53;90
73;37;51;45;146
87;36;88;45;87
17;52;46;84;34
55;43;61;75;55
17;39;41;24;34
32;61;16;52;96
4;16;72;61;12
61;87;44;93;183
44;50;37;52;132
33;58;39;59;33
36;19;20;18;36
62;65;27;74;186
90;82;21;91;180
75;70;54;15;225
56;29;47;41;56
71;33;21;31;71
80;41;74;85;160
41;41;18;19;41
21;24;9;8;63
71;75;27;38;71
50;60;21;61;150
43;62;74;47;129
8;14;83;17;16
83;50;61;28;83
44;65;81;68;88
90;50;55;79;270
44;91;95;38;88
24;17;36;19;72
57;22;53;53;171
35;58;64;48;105
86;81;44;55;258
17;24;19;17;17
13;44;56;32;26
78;28;64;65;78
46;53;49;45;92
14;64;80;20;28
71;33;62;66;71
90;23;43;63;180
56;76;76;19;112
29;87;66;39;29
52;48;50;55;156
45;33;75;33;45
55;65;22;44;55
74;59;34;70;222
90;43;30;72;90
19;49;31;48;38
38;22;43;11;114
64;70;84;86;128
57;65;66;61;57
99;18;83;79;297
92;51;20;37;184
41;47;28;45;123
59;10;60;17;59
44;18;41;32;88
13;9;51;32;39
58;54;44;66;174
64;64;49;77;128
28;38;45;45;84
21;75;55;12;42
26;27;38;42;78
27;45;31;71;54
24;12;14;24;24
11;26;58;19;22
91;77;58;44;273
86;12;85;16;172
95;90;48;89;285
57;89;69;62;114
45;71;35;65;90
22;43;43;12;22
34;19;60;40;68
30;79;4;17;90
24;71;12;17;48
44;54;63;29;44
25;90;76;96;75
41;57;63;77;123
23;12;21;31;46
15;26;8;43;30
59;51;73;66;59
35;33;51;25;70
90;57;51;63;180
32;51;18;45;32
43;32;50;58;129
75;58;55;43;150
36;47;55;55;36
58;5;25;50;58
40;25;26;25;40
24;68;75;27;72
53;48;28;59;53
49;48;52;92;98
75;47;83;66;150
48;46;48;36;144
38;45;60;50;76
30;25;17;17;90
20;35;79;78;20
19;47;66;71;57
25;46;43;51;75
18;12;22;17;18
24;73;35;23;72
20;20;35;59;60
42;26;21;53;84
40;37;50;43;80
44;38;44;32;44
31;31;32;44;31
33;14;49;44;99
38;57;20;56;114
79;40;25;16;79
45;49;13;10;45
55;61;17;42;165
67;35;42;25;67
15;16;16;38;45
19;41;68;28;38
32;29;78;51;64
20;54;39;43;60
42;38;28;17;42
43;28;62;28;129
36;49;2;17;108
39;25;7;48;117
38;20;35;27;114
36;51;14;70;36
71;63;54;53;71
48;63;88;74;48
32;44;38;67;32
63;30;51;31;126
15;63;36;24;30
56;52;74;42;168
35;33;57;34;105
66;41;76;56;198
97;78;67;80;97
25;45;17;58;25
73;74;77;16;73
6;8;15;72;18
55;86;55;41;55
46;76;64;35;46
47;56;50;37;94
30;18;11;9;30
39;24;30;40;117
67;79;90;48;134
32;6;28;29;96
20;14;11;21;60
58;70;70;98;58
34;13;8;13;102
59;39;11;51;177
55;45;29;44;55
33;87;66;31;99
47;81;56;46;94
16;56;74;17;32
24;6;23;11;48
5;28;11;2;5
63;19;66;15;63
10;55;14;44;10
23;26;32;68;46
63;41;72;89;189
56;20;48;54;112
44;86;41;79;132
19;59;27;16;19
52;50;16;88;104
88;52;52;57;88
30;41;35;62;60
60;82;83;99;60
23;37;61;46;69
23;83;85;82;69
46;45;44;49;92
68;72;69;80;136
53;69;22;10;53
53;68;35;55;106
31;53;57;70;62
95;86;73;58;190
32;76;19;93;64
52;23;29;52;52
52;64;48;49;52
33;20;24;31;66
81;44;31;32;243
70;82;71;67;210
91;81;42;54;273
60;55;62;94;180
63;38;47;68;63
28;63;9;62;56
10;13;24;12;10
32;64;75;15;32
33;25;34;34;33
77;49;15;65;154
30;90;53;46;30
35;37;65;41;35
81;79;72;70;81
58;8;28;27;116
73;52;49;70;219
24;53;41;54;48
57;80;65;80;171
10;76;67;31;20
23;45;40;15;46
9;12;76;9;18
20;76;73;21;20
35;42;33;27;35
73;81;80;72;73
37;93;34;94;74
23;43;16;12;23
63;42;38;43;189
9;49;7;60;27
25;17;19;24;25
35;35;54;20;70
87;59;96;56;174
75;54;72;45;75
68;63;42;25;68
27;47;52;18;54
52;32;64;67;104
44;33;69;46;44
57;26;44;58;171
38;53;82;48;76
55;63;71;69;165
73;39;36;40;146
49;23;16;42;49
51;40;38;46;153
25;2;18;23;50
36;81;45;37;36
28;21;40;43;56
16;12;22;14;48
28;69;68;53;56
3;61;22;16;9
42;75;80;27;126
39;41;49;30;117
45;57;79;80;45
59;45;67;52;59
34;36;81;22;102
66;20;69;46;198
66;67;55;53;66
33;26;17;39;66
85;27;88;25;85
41;65;27;66;82
45;34;39;54;45
39;40;31;46;39
35;44;55;39;35
25;8;31;47;75
45;39;71;41;45
68;73;67;22;136
38;70;48;49;114
67;48;55;76;134
58;63;90;54;58
58;24;46;33;58
49;92;56;88;49
50;53;56;37;50
40;31;65;74;40
38;41;83;83;38
85;28;32;48;255
48;43;93;49;144
36;30;32;56;108
86;52;24;40;172
8;39;60;10;24
77;44;30;48;154
46;63;55;58;92
38;8;31;33;38
52;65;58;90;156
71;75;37;77;213
49;72;51;42;98
45;59;73;42;45
11;45;11;57;11
49;61;13;72;49
10;27;29;23;30
40;36;41;28;40
12;32;13;35;36
77;19;54;20;154
57;41;37;60;57
38;32;33;36;38
33;41;36;54;99
79;41;75;22;158
51;43;14;20;102
31;23;54;29;31
100;48;45;91;100
59;38;56;39;118
56;30;64;100;168
76;77;17;28;228
17;21;30;30;51
48;63;45;41;48
77;32;60;40;154
46;58;34;32;46
43;44;31;51;129
30;44;46;40;30
79;69;71;64;237
72;69;62;59;216
8;84;67;36;16
34;40;50;58;102
81;50;25;54;243
37;25;85;16;74
66;54;38;22;66
67;76;44;60;67
77;64;35;86;154
39;30;50;55;78
54;48;21;37;162
30;51;68;29;90
30;27;9;10;60
42;19;13;10;84
41;42;14;45;41
37;83;11;81;74
56;41;45;46;56
41;42;37;66;41
94;74;73;54;94
47;22;27;27;141
43;42;33;53;43
79;71;49;87;237
33;23;21;63;99
29;43;81;91;58
17;43;46;32;17
36;40;90;38;108
19;61;48;54;38
33;17;39;8;33
22;39;26;25;44
92;32;85;43;276
29;14;78;66;87
8;48;19;42;16
28;29;51;81;56
97;75;34;95;291
74;33;63;16;74
31;36;20;23;31
28;44;57;15;28
87;26;37;59;174
62;79;43;87;124
46;39;39;45;92
79;11;19;57;237
65;39;33;58;65
74;39;56;57;74
25;61;47;24;50
76;88;74;59;152
11;38;51;11;33
59;34;57;22;59
26;81;46;54;26
27;43;37;70;81
42;53;57;41;126
39;39;21;82;39
13;43;52;50;13
53;79;73;56;53
96;67;67;74;96
20;40;46;61;60
8;39;11;44;16
35;60;13;12;105
82;80;37;66;82
86;76;86;54;172
73;41;43;10;73
44;41;68;44;44
13;7;18;25;39
67;63;53;57;201
61;55;34;37;183
59;38;52;47;177
37;40;53;47;74
48;72;78;65;96
74;72;42;85;74
69;16;33;24;69
50;85;27;53;50
38;44;70;74;38
56;73;44;67;168
64;80;79;44;64
25;34;35;38;75
31;38;25;48;93
21;72;54;6;63
56;17;7;42;56
66;29;74;2;132
18;40;37;21;54
57;84;94;19;114
20;90;27;43;40
48;72;50;22;96
57;50;29;47;57
90;32;22;71;180
44;57;40;71;132
35;48;35;31;70
56;45;48;43;112
41;44;47;49;82
42;79;77;71;126
30;70;53;26;90
67;67;53;31;134
28;26;21;29;56
89;24;69;18;178
54;60;63;78;108
56;72;44;45;112
63;41;77;23;63
35;47;23;42;105
35;11;31;45;35
26;32;38;28;78
59;26;44;71;118
27;59;38;24;81
41;60;77;92;82
76;89;71;15;228
50;93;92;81;50
28;32;38;45;28
88;60;74;57;88
72;80;7;42;216
87;50;58;56;261
5;15;65;42;5
65;41;73;70;65
57;40;51;78;171
40;49;53;2;120
39;67;83;85;117
52;74;75;65;104
81;49;85;74;162
1;11;40;62;1
31;27;25;14;31
42;28;37;39;84
66;77;39;73;66
65;61;90;62;130
21;23;39;36;63
29;47;43;30;87
81;69;45;23;243
45;71;19;60;45
30;15;31;45;60
59;91;24;28;118
31;7;45;22;62
67;40;68;17;67
28;30;30;31;28
33;45;27;78;66
59;67;55;41;177
64;54;81;11;192
21;38;58;40;63
36;44;81;68;36
43;76;11;85;129
44;16;39;59;44
71;52;40;29;71
60;50;61;52;120
45;64;28;50;135
15;2;43;39;15
56;10;27;16;112
13;7;59;20;39
65;71;48;85;195
45;45;22;42;90
48;60;72;46;48
49;60;79;68;98
27;47;62;41;27
92;64;24;46;92
25;50;48;17;50
74;48;68;54;148
16;21;43;31;48
18;4;14;10;18
27;68;21;65;54
85;86;10;55;85
41;32;60;73;41
87;88;74;73;174
42;90;75;65;42
78;89;79;64;78
19;70;58;29;19
26;19;25;59;26
81;60;23;10;162
7;25;17;40;21
29;28;26;28;58
27;62;36;20;81
35;28;39;43;105
48;11;47;42;96
67;78;57;36;67
44;21;11;61;44
54;67;25;77;54
32;14;25;32;64
57;17;55;7;57
60;17;15;24;120
55;16;49;34;55
55;60;17;23;55
79;62;19;7;158
39;48;16;41;78
31;47;55;46;62
52;28;73;66;52
61;40;45;50;183
21;62;68;73;21
68;81;42;32;68
47;30;23;38;141
83;74;93;63;83
71;38;79;53;213
57;80;78;68;114
4;12;44;31;4
34;55;61;38;102
16;34;28;30;48
14;14;73;49;42
60;63;53;29;120
74;10;45;67;222
64;22;68;88;128
33;67;86;4;66
80;49;51;47;160
60;53;47;24;60
43;18;16;26;129
55;40;75;37;55
39;14;19;53;39
24;37;38;52;48
36;59;10;75;36
40;72;75;75;80
47;68;53;53;47
57;38;52;86;114
77;54;40;46;77
23;18;40;13;46
41;11;72;10;41
89;6;91;92;89
82;85;33;59;82
29;49;51;45;87
25;47;43;27;75
17;63;22;19;51
57;94;15;64;114
47;37;54;53;141
63;47;49;83;63
76;50;28;99;152
16;46;34;29;48
92;69;18;74;92
79;75;4;30;158
23;30;30;41;69
60;64;33;67;180
50;43;38;82;100
34;79;47;38;68
47;19;69;33;141
85;54;35;83;85
42;35;51;33;84
58;70;49;43;174
63;57;73;44;63
29;66;60;47;87
71;84;3;95;71
15;21;79;20;15
68;7;68;6;204
39;20;5;64;117
30;36;31;28;90
57;50;40;82;114
50;46;85;64;100
67;58;18;38;134
69;64;64;46;138
20;65;62;48;60
45;21;7;38;45
85;34;58;41;85
74;15;42;48;74
26;36;29;41;52
76;87;80;28;76
27;34;15;37;54
37;16;8;25;74
75;38;60;53;225
62;54;58;57;124
42;12;33;35;126
6;47;53;35;6
81;97;25;41;162
29;36;24;8;58
27;29;37;34;81
50;86;87;66;100
43;36;25;32;129
91;75;78;55;273
34;46;57;42;34
60;33;42;37;120
50;41;69;83;150
78;50;58;20;234
77;49;34;60;231
44;48;86;20;44
66;90;52;74;66
43;28;36;31;129
66;39;77;31;132
